Date,Rate
2024-12-24,2.42
2024-12-23,2.43
2024-12-20,2.5
2024-12-19,2.29
2024-12-18,2.21
2024-12-17,2.19
2024-12-16,2.18
2024-12-13,2.3
2024-12-12,2.34
2024-12-11,2.29
2024-12-10,2.31
2024-12-09,2.48
2024-12-06,2.59
2024-12-05,2.64
2024-12-04,2.66
2024-12-03,2.62
2024-12-02,2.64
2024-11-29,2.66
2024-11-28,2.7
2024-11-27,2.58
2024-11-26,2.52
2024-11-25,2.47
2024-11-22,2.48
2024-11-21,2.54
2024-11-20,2.6
2024-11-19,2.55
2024-11-18,2.79
2024-11-15,2.88
2024-11-14,2.89
2024-11-13,2.89
2024-11-12,2.9
2024-11-11,2.91
2024-11-08,2.89
2024-11-07,2.91
2024-11-06,2.91
2024-11-05,2.74
2024-11-04,2.73
2024-11-01,2.77
2024-10-31,2.75
2024-10-30,2.75
2024-10-29,2.75
2024-10-28,2.842
2024-10-25,2.844
2024-10-24,2.836
2024-10-23,2.843
2024-10-22,2.889
2024-10-21,2.908
2024-10-18,2.896
2024-10-17,2.973
2024-10-16,3
2024-10-15,3.006
2024-10-14,3.038
2024-10-11,3.037
2024-10-10,3.021
2024-10-09,3.054
2024-10-08,3.053
2024-10-07,3.073
2024-10-04,3.088
2024-10-03,3.094
2024-10-02,3.083
2024-10-01,3.021
2024-09-30,3.112
2024-09-27,3.085
2024-09-26,2.914
2024-09-25,3.019
2024-09-24,3.138
2024-09-23,3.132
2024-09-20,3.081
2024-09-19,3.167
2024-09-18,3.184
2024-09-17,3.21
2024-09-16,3.211
2024-09-13,3.206
2024-09-12,3.213
2024-09-11,3.224
2024-09-10,3.209
2024-09-09,3.239
2024-09-06,3.21
2024-09-05,3.222
2024-09-04,3.253
2024-09-03,3.246
2024-09-02,3.247
2024-08-30,3.232
2024-08-29,3.222
2024-08-28,3.203
2024-08-27,3.205
2024-08-26,3.254
2024-08-23,3.262
2024-08-22,3.263
2024-08-21,3.257
2024-08-20,3.282
2024-08-19,3.287
2024-08-16,3.341
2024-08-15,3.343
2024-08-14,3.35
2024-08-13,3.347
2024-08-12,3.272
2024-08-09,3.278
2024-08-08,3.273
2024-08-07,3.27
2024-08-06,3.265
2024-08-05,3.276
2024-08-02,3.346
2024-08-01,3.368
2024-07-31,3.377
2024-07-30,3.424
2024-07-29,3.428
2024-07-26,3.431
2024-07-25,3.43
2024-07-24,3.436
2024-07-23,3.445
2024-07-22,3.454
2024-07-19,3.462
2024-07-18,3.46
2024-07-17,3.456
2024-07-16,3.458
2024-07-15,3.459
2024-07-12,3.457
2024-07-11,3.458
2024-07-10,3.465
2024-07-09,3.401
2024-07-08,3.419
2024-07-05,3.401
2024-07-04,3.401
2024-07-03,3.394
2024-07-02,3.396
2024-07-01,3.342
2024-06-28,3.384
2024-06-27,3.398
2024-06-26,3.395
2024-06-25,3.401
2024-06-24,3.415
2024-06-21,3.379
2024-06-20,3.372
2024-06-19,3.486
2024-06-18,3.518
2024-06-17,3.516
2024-06-14,3.572
2024-06-13,3.58
2024-06-12,3.582
2024-06-11,3.584
2024-06-10,3.564
2024-06-07,3.568
2024-06-06,3.567
2024-06-05,3.62
2024-06-04,3.584
2024-06-03,3.633
2024-05-31,3.589
2024-05-30,3.583
2024-05-29,3.608
2024-05-28,3.6
2024-05-27,3.632
2024-05-24,3.624
2024-05-23,3.627
2024-05-22,3.638
2024-05-21,3.635
2024-05-20,3.652
2024-05-17,3.671
2024-05-16,3.655
2024-05-15,3.664
2024-05-14,3.678
2024-05-13,3.673
2024-05-10,3.69
2024-05-09,3.69
2024-05-08,3.691
2024-05-07,3.657
2024-05-06,3.657
2024-05-03,3.632
2024-05-02,3.63
2024-04-30,3.67
2024-04-29,3.66
2024-04-26,3.652
2024-04-25,3.652
2024-04-24,3.654
2024-04-23,3.649
2024-04-22,3.668
2024-04-19,3.673
2024-04-18,3.673
2024-04-17,3.678
2024-04-16,3.685
2024-04-15,3.71
2024-04-12,3.718
2024-04-11,3.73
2024-04-10,3.78
2024-04-09,3.821
2024-04-08,3.806
2024-04-05,3.834
2024-04-04,3.819
2024-04-03,3.814
2024-04-02,3.783
2024-03-28,3.772
2024-03-27,3.752
2024-03-26,3.749
2024-03-25,3.721
2024-03-22,3.777
2024-03-21,3.753
2024-03-20,3.759
2024-03-19,3.762
2024-03-18,3.8
2024-03-15,3.782
2024-03-14,3.806
2024-03-13,3.797
2024-03-12,3.82
2024-03-11,3.794
2024-03-08,3.775
2024-03-07,3.782
2024-03-06,3.764
2024-03-05,3.796
2024-03-04,3.805
2024-03-01,3.814
2024-02-29,3.807
2024-02-28,3.798
2024-02-27,3.819
2024-02-26,3.795
2024-02-23,3.789
2024-02-22,3.8
2024-02-21,3.771
2024-02-20,3.758
2024-02-19,3.771
2024-02-16,3.823
2024-02-15,3.818
2024-02-14,3.816
2024-02-13,3.823
2024-02-12,3.83
2024-02-09,3.831
2024-02-08,3.79
2024-02-07,3.798
2024-02-06,3.796
2024-02-05,3.795
2024-02-02,3.761
2024-02-01,3.75
2024-01-31,3.75
2024-01-30,3.796
2024-01-29,3.79
2024-01-26,3.794
2024-01-25,3.836
2024-01-24,3.824
2024-01-23,3.865
2024-01-22,3.847
2024-01-19,3.841
2024-01-18,3.858
2024-01-17,3.853
2024-01-16,3.881
2024-01-15,3.875
2024-01-12,3.866
2024-01-11,3.852
2024-01-10,3.847
2024-01-09,3.798
2024-01-08,3.76
2024-01-05,3.737
2024-01-04,3.726
2024-01-03,3.72
2024-01-02,3.663
2023-12-29,3.609
2023-12-28,3.635
2023-12-27,3.645
2023-12-26,3.636
2023-12-22,3.636
2023-12-21,3.637
2023-12-20,3.726
2023-12-19,3.681
2023-12-18,3.71
2023-12-15,3.71
2023-12-14,3.695
2023-12-13,3.75
2023-12-12,3.746
2023-12-11,3.744
2023-12-08,3.711
2023-12-07,3.732
2023-12-06,3.764
2023-12-05,3.756
2023-12-04,3.75
2023-12-01,3.705
2023-11-30,3.716
2023-11-29,3.688
2023-11-28,3.691
2023-11-27,3.704
2023-11-24,3.691
2023-11-23,3.714
2023-11-22,3.71
2023-11-21,3.672
2023-11-20,3.744
2023-11-17,3.73
2023-11-16,3.816
2023-11-15,3.803
2023-11-14,3.782
2023-11-13,3.764
2023-11-10,3.774
2023-11-09,3.753
2023-11-08,3.751
2023-11-07,3.749
2023-11-06,3.731
2023-11-03,3.75
2023-11-02,3.753
2023-11-01,3.757
2023-10-31,3.756
2023-10-30,3.731
2023-10-27,3.722
2023-10-26,3.721
2023-10-25,3.73
2023-10-24,3.729
2023-10-23,3.744
2023-10-20,3.746
2023-10-19,3.76
2023-10-18,3.773
2023-10-17,3.796
2023-10-16,3.8
2023-10-13,3.789
2023-10-12,3.793
2023-10-11,3.788
2023-10-10,3.783
2023-10-09,3.796
2023-10-06,3.772
2023-10-05,3.727
2023-10-04,3.703
2023-10-03,3.673
2023-10-02,3.674
2023-09-29,3.665
2023-09-28,3.674
2023-09-27,3.67
2023-09-26,3.687
2023-09-25,3.702
2023-09-22,3.702
2023-09-21,3.707
2023-09-20,3.731
2023-09-19,3.786
2023-09-18,3.784
2023-09-15,3.79
2023-09-14,3.8
2023-09-13,3.718
2023-09-12,3.697
2023-09-11,3.668
2023-09-08,3.658
2023-09-07,3.655
2023-09-06,3.619
2023-09-05,3.621
2023-09-04,3.616
2023-09-01,3.603
2023-08-31,3.609
2023-08-30,3.658
2023-08-29,3.663
2023-08-28,3.637
2023-08-25,3.615
2023-08-24,3.614
2023-08-23,3.632
2023-08-22,3.647
2023-08-21,3.649
2023-08-18,3.634
2023-08-17,3.635
2023-08-16,3.625
2023-08-15,3.61
2023-08-14,3.592
2023-08-11,3.589
2023-08-10,3.559
2023-08-09,3.54
2023-08-08,3.569
2023-08-07,3.566
2023-08-04,3.557
2023-08-03,3.552
2023-08-02,3.545
2023-08-01,3.556
2023-07-31,3.546
2023-07-28,3.514
2023-07-27,3.519
2023-07-26,3.502
2023-07-25,3.507
2023-07-24,3.503
2023-07-22,3.533
2023-07-21,3.483
2023-07-20,3.49
2023-07-19,3.492
2023-07-18,3.516
2023-07-17,3.55
2023-07-14,3.564
2023-07-13,3.557
2023-07-12,3.419
2023-07-11,3.423
2023-07-10,3.411
2023-07-07,3.412
2023-07-06,3.398
2023-07-05,3.397
2023-07-04,3.386
2023-07-03,3.381
2023-06-30,3.375
2023-06-29,3.374
2023-06-28,3.365
2023-06-27,3.369
2023-06-26,3.364
2023-06-23,3.315
2023-06-22,3.323
2023-06-21,3.313
2023-06-20,3.313
2023-06-19,3.24
2023-06-16,3.239
2023-06-15,3.217
2023-06-14,3.177
2023-06-13,3.179
2023-06-12,3.148
2023-06-09,3.145
2023-06-08,3.143
2023-06-07,3.08
2023-06-06,3.049
2023-06-05,3.053
2023-06-02,2.974
2023-06-01,2.964
2023-05-31,2.922
2023-05-30,2.932
2023-05-29,2.945
2023-05-26,2.958
2023-05-25,2.945
2023-05-24,2.945
2023-05-23,2.916
2023-05-22,2.908
2023-05-19,2.924
2023-05-18,2.923
2023-05-17,2.925
2023-05-16,2.938
2023-05-15,2.954
2023-05-12,3.002
2023-05-11,3.02
2023-05-10,2.902
2023-05-09,2.892
2023-05-08,2.824
2023-05-05,2.792
2023-05-04,2.765
2023-05-03,2.772
2023-05-02,2.784
2023-04-28,2.609
2023-04-27,2.649
2023-04-26,2.612
2023-04-25,2.611
2023-04-24,2.659
2023-04-21,2.798
2023-04-20,2.72
2023-04-19,2.716
2023-04-18,2.678
2023-04-17,2.729
2023-04-14,2.767
2023-04-13,2.701
2023-04-12,2.678
2023-04-11,4.551
2023-04-06,3.523
2023-04-05,2.741
2023-04-04,2.73
2023-04-03,2.714
2023-03-31,2.707
2023-03-30,2.649
2023-03-29,2.607
2023-03-28,2.626
2023-03-27,2.617
2023-03-24,2.507
2023-03-23,2.557
2023-03-22,2.581
2023-03-21,2.48
2023-03-20,2.484
2023-03-17,2.553
2023-03-16,2.636
2023-03-15,2.444
2023-03-14,2.649
2023-03-13,2.663
2023-03-10,2.855
2023-03-09,2.874
2023-03-08,2.879
2023-03-07,2.877
2023-03-06,2.686
2023-03-03,2.694
2023-03-02,2.682
2023-03-01,2.668
2023-02-28,2.667
2023-02-27,2.665
2023-02-24,2.657
2023-02-23,2.602
2023-02-22,2.595
2023-02-21,2.654
2023-02-20,2.688
2023-02-17,2.634
2023-02-16,2.614
2023-02-15,2.615
2023-02-14,2.581
2023-02-13,2.56
2023-02-10,2.563
2023-02-09,2.519
2023-02-08,2.484
2023-02-07,2.465
2023-02-06,2.283
2023-02-03,2.227
2023-02-02,2.194
2023-02-01,2.169
2023-01-31,2.17
2023-01-30,2.157
2023-01-27,2.168
2023-01-26,2.142
2023-01-25,2.139
2023-01-24,2.131
2023-01-23,2.146
2023-01-20,2.163
2023-01-19,2.105
2023-01-18,2.092
2023-01-17,2.105
2023-01-16,2.085
2023-01-13,2.103
2023-01-12,2.083
2023-01-11,2.083
2023-01-10,2.101
2023-01-09,2.118
2023-01-06,2.091
2023-01-05,2.105
2023-01-04,2.117
2023-01-03,2.053
2023-01-02,1.925
2022-12-30,1.871
2022-12-29,1.668
2022-12-28,1.662
2022-12-27,1.779
2022-12-23,1.847
2022-12-22,1.756
2022-12-21,1.778
2022-12-20,1.759
2022-12-19,1.672
2022-12-16,1.689
2022-12-15,1.713
2022-12-14,1.703
2022-12-13,1.676
2022-12-12,1.689
2022-12-09,1.719
2022-12-08,1.666
2022-12-07,1.613
2022-12-06,1.617
2022-12-05,1.469
2022-12-02,1.563
2022-12-01,1.524
2022-11-30,1.517
2022-11-29,1.515
2022-11-28,1.276
2022-11-25,1.406
2022-11-24,1.406
2022-11-23,1.404
2022-11-22,1.372
2022-11-21,1.372
2022-11-18,1.449
2022-11-17,1.452
2022-11-16,1.426
2022-11-15,1.449
2022-11-14,1.41
2022-11-11,1.418
2022-11-10,1.385
2022-11-09,1.411
2022-11-08,1.403
2022-11-07,1.03
2022-11-04,1.087
2022-11-03,1.084
2022-11-02,0.993
2022-11-01,1.066
2022-10-31,0.969
2022-10-28,0.936
2022-10-27,0.865
2022-10-26,0.839
2022-10-25,0.831
2022-10-24,0.84
2022-10-21,0.828
2022-10-20,0.814
2022-10-19,0.815
2022-10-18,0.819
2022-10-17,0.826
2022-10-14,0.85
2022-10-13,0.86
2022-10-12,0.798
2022-10-11,0.775
2022-10-10,0.747
2022-10-07,0.774
2022-10-06,0.746
2022-10-05,0.737
2022-10-04,0.731
2022-10-03,0.725
2022-09-30,0.789
2022-09-29,0.796
2022-09-28,0.762
2022-09-27,0.773
2022-09-26,0.789
2022-09-23,0.744
2022-09-22,0.737
2022-09-21,0.686
2022-09-20,0.671
2022-09-19,0.631
2022-09-16,0.525
2022-09-15,0.498
2022-09-14,0.528
2022-09-13,0.618
2022-09-12,0.594
2022-09-09,0.493
2022-09-08,0.433
2022-09-07,0.226
2022-09-06,0.182
2022-09-05,0.115
2022-09-02,0.041
2022-09-01,0.05
2022-08-31,0.031
2022-08-30,0.031
2022-08-29,-0.071
2022-08-26,-0.091
2022-08-25,-0.127
2022-08-24,-0.099
2022-08-23,-0.062
2022-08-22,0.06
2022-08-19,0.084
2022-08-18,0.086
2022-08-17,0.127
2022-08-16,0.071
2022-08-15,0.064
2022-08-12,0.044
2022-08-11,0.022
2022-08-10,0.036
2022-08-09,0.047
2022-08-08,0.065
2022-08-05,0.068
2022-08-04,0.08
2022-08-03,-0.058
2022-08-02,-0.064
2022-08-01,-0.063
2022-07-29,-0.06
2022-07-28,-0.066
2022-07-27,-0.062
2022-07-26,-0.078
2022-07-25,-0.079
2022-07-22,-0.087
2022-07-21,-0.065
2022-07-20,-0.194
2022-07-19,-0.186
2022-07-18,-0.255
2022-07-15,-0.24
2022-07-14,-0.222
2022-07-13,-0.275
2022-07-12,-0.309
2022-07-11,-0.305
2022-07-08,-0.308
2022-07-07,-0.329
2022-07-06,-0.342
2022-07-05,-0.498
2022-07-04,-0.489
2022-07-01,-0.486
2022-06-30,-0.498
2022-06-29,-0.503
2022-06-28,-0.495
2022-06-27,-0.506
2022-06-24,-0.53
2022-06-23,-0.53
2022-06-22,-0.532
2022-06-21,-0.542
2022-06-20,-0.56
2022-06-17,-0.484
2022-06-16,-0.475
2022-06-15,-0.475
2022-06-14,-0.474
2022-06-13,-0.507
2022-06-10,-0.509
2022-06-09,-0.515
2022-06-08,-0.5
2022-06-07,-0.502
2022-06-06,-0.498
2022-06-03,-0.51
2022-06-02,-0.513
2022-06-01,-0.511
2022-05-31,-0.514
2022-05-30,-0.623
2022-05-27,-0.663
2022-05-26,-0.66
2022-05-25,-0.655
2022-05-24,-0.632
2022-05-23,-0.624
2022-05-20,-0.608
2022-05-19,-0.588
2022-05-18,-0.601
2022-05-17,-0.594
2022-05-16,-0.58
2022-05-13,-0.589
2022-05-12,-0.601
2022-05-11,-0.602
2022-05-10,-0.605
2022-05-09,-0.582
2022-05-06,-0.604
2022-05-05,-0.638
2022-05-04,-0.632
2022-05-03,-0.614
2022-05-02,-0.689
2022-04-29,-0.706
2022-04-28,-0.716
2022-04-27,-0.719
2022-04-26,-0.717
2022-04-25,-0.716
2022-04-22,-0.704
2022-04-21,-0.712
2022-04-20,-0.723
2022-04-19,-0.723
2022-04-15,-0.705
2022-04-14,-0.711
2022-04-13,-0.697
2022-04-12,-0.692
2022-04-11,-0.678
2022-04-08,-0.695
2022-04-07,-0.702
2022-04-06,-0.7
2022-04-05,-0.664
2022-04-04,-0.645
2022-04-01,-0.65
2022-03-31,-0.655
2022-03-30,-0.656
2022-03-29,-0.665
2022-03-28,-0.68
2022-03-25,-0.709
2022-03-24,-0.711
2022-03-23,-0.707
2022-03-22,-0.709
2022-03-21,-0.709
2022-03-18,-0.74
2022-03-17,-0.734
2022-03-16,-0.734
2022-03-15,-0.734
2022-03-14,-0.74
2022-03-11,-0.749
2022-03-10,-0.763
2022-03-09,-0.768
2022-03-08,-0.771
2022-03-07,-0.783
2022-03-04,-0.754
2022-03-03,-0.759
2022-03-02,-0.757
2022-03-01,-0.759
2022-02-28,-0.749
2022-02-25,-0.74
2022-02-24,-0.737
2022-02-23,-0.74
2022-02-22,-0.669
2022-02-21,-0.717
2022-02-18,-0.705
2022-02-17,-0.702
2022-02-16,-0.693
2022-02-15,-0.709
2022-02-14,-0.697
2022-02-11,-0.692
2022-02-10,-0.665
2022-02-09,-0.675
2022-02-08,-0.669
2022-02-07,-0.669
2022-02-04,-0.652
2022-02-03,-0.66
2022-02-02,-0.679
2022-02-01,-0.679
2022-01-31,-0.666
2022-01-28,-0.665
2022-01-27,-0.674
2022-01-26,-0.683
2022-01-25,-0.685
2022-01-24,-0.686
2022-01-21,-0.665
2022-01-20,-0.668
2022-01-19,-0.669
2022-01-18,-0.682
2022-01-17,-0.7
2022-01-14,-0.658
2022-01-13,-0.655
2022-01-12,-0.639
2022-01-11,-0.635
2022-01-10,-0.646
2022-01-07,-0.641
2022-01-06,-0.662
2022-01-05,-0.663
2022-01-04,-0.687
2022-01-03,-0.656
2021-12-31,-0.767
2021-12-30,-0.728
2021-12-29,-0.737
2021-12-28,-0.721
2021-12-27,-0.719
2021-12-24,-0.719
2021-12-23,-0.694
2021-12-22,-0.779
2021-12-21,-0.798
2021-12-20,-0.814
2021-12-17,-0.846
2021-12-16,-0.818
2021-12-15,-0.802
2021-12-14,-0.754
2021-12-13,-0.839
2021-12-10,-0.9
2021-12-09,-0.908
2021-12-08,-0.966
2021-12-07,-0.977
2021-12-06,-0.979
2021-12-03,-0.982
2021-12-02,-0.996
2021-12-01,-0.988
2021-11-30,-0.989
2021-11-29,-0.993
2021-11-26,-1.006
2021-11-25,-0.997
2021-11-24,-0.977
2021-11-23,-0.988
2021-11-22,-1.016
2021-11-19,-0.976
2021-11-18,-0.956
2021-11-17,-0.988
2021-11-16,-1.016
2021-11-15,-0.947
2021-11-12,-0.858
2021-11-11,-0.84
2021-11-10,-0.807
2021-11-09,-0.799
2021-11-08,-0.785
2021-11-05,-0.779
2021-11-04,-0.771
2021-11-03,-0.883
2021-11-02,-0.869
2021-10-29,-0.859
2021-10-28,-0.85
2021-10-27,-0.851
2021-10-26,-0.784
2021-10-25,-0.774
2021-10-22,-0.761
2021-10-21,-0.757
2021-10-20,-0.751
2021-10-19,-0.757
2021-10-18,-0.742
2021-10-15,-0.757
2021-10-14,-0.752
2021-10-13,-0.752
2021-10-12,-0.75
2021-10-11,-0.749
2021-10-08,-0.769
2021-10-07,-0.749
2021-10-06,-0.753
2021-10-05,-0.771
2021-10-04,-0.666
2021-10-01,-0.664
2021-09-30,-0.674
2021-09-29,-0.664
2021-09-28,-0.66
2021-09-27,-0.659
2021-09-24,-0.657
2021-09-23,-0.66
2021-09-22,-0.66
2021-09-21,-0.66
2021-09-20,-0.654
2021-09-17,-0.658
2021-09-16,-0.655
2021-09-15,-0.657
2021-09-14,-0.665
2021-09-13,-0.662
2021-09-11,-0.672
2021-09-10,-0.664
2021-09-09,-0.666
2021-09-08,-0.669
2021-09-07,-0.661
2021-09-06,-0.673
2021-09-03,-0.68
2021-09-02,-0.681
2021-09-01,-0.678
2021-08-31,-0.674
2021-08-30,-0.678
2021-08-27,-0.682
2021-08-26,-0.683
2021-08-25,-0.699
2021-08-24,-0.679
2021-08-23,-0.678
2021-08-20,-0.686
2021-08-19,-0.682
2021-08-18,-0.695
2021-08-17,-0.676
2021-08-16,-0.675
2021-08-13,-0.67
2021-08-12,-0.672
2021-08-11,-0.665
2021-08-10,-0.672
2021-08-09,-0.669
2021-08-06,-0.669
2021-08-05,-0.669
2021-08-04,-0.66
2021-08-03,-0.662
2021-08-02,-0.665
2021-07-30,-0.67
2021-07-29,-0.667
2021-07-28,-0.665
2021-07-27,-0.663
2021-07-26,-0.658
2021-07-23,-0.664
2021-07-22,-0.663
2021-07-21,-0.665
2021-07-20,-0.661
2021-07-19,-0.662
2021-07-16,-0.659
2021-07-15,-0.655
2021-07-14,-0.655
2021-07-13,-0.654
2021-07-12,-0.646
2021-07-09,-0.651
2021-07-08,-0.65
2021-07-07,-0.666
2021-07-06,-0.644
2021-07-05,-0.664
2021-07-02,-0.656
2021-07-01,-0.663
2021-06-30,-0.665
2021-06-29,-0.657
2021-06-28,-0.658
2021-06-25,-0.664
2021-06-24,-0.664
2021-06-23,-0.663
2021-06-22,-0.65
2021-06-21,-0.655
2021-06-18,-0.661
2021-06-17,-0.658
2021-06-16,-0.652
2021-06-15,-0.664
2021-06-14,-0.643
2021-06-11,-0.653
2021-06-10,-0.65
2021-06-09,-0.654
2021-06-08,-0.65
2021-06-07,-0.624
2021-06-04,-0.626
2021-06-03,-0.627
2021-06-02,-0.626
2021-06-01,-0.624
2021-05-31,-0.655
2021-05-28,-0.651
2021-05-27,-0.652
2021-05-26,-0.627
2021-05-25,-0.643
2021-05-24,-0.644
2021-05-21,-0.641
2021-05-20,-0.64
2021-05-19,-0.638
2021-05-18,-0.639
2021-05-17,-0.637
2021-05-14,-0.634
2021-05-12,-0.637
2021-05-11,-0.626
2021-05-10,-0.625
2021-05-07,-0.632
2021-05-06,-0.627
2021-05-05,-0.623
2021-05-04,-0.627
2021-05-03,-0.664
2021-04-30,-0.641
2021-04-29,-0.609
2021-04-28,-0.649
2021-04-27,-0.654
2021-04-26,-0.658
2021-04-23,-0.643
2021-04-22,-0.66
2021-04-21,-0.657
2021-04-20,-0.661
2021-04-19,-0.647
2021-04-16,-0.645
2021-04-15,-0.638
2021-04-14,-0.641
2021-04-13,-0.64
2021-04-12,-0.609
2021-04-09,-0.65
2021-04-08,-0.61
2021-04-07,-0.636
2021-04-06,-0.665
2021-04-05,-0.672
2021-04-02,-0.672
2021-04-01,-0.66
2021-03-31,-0.664
2021-03-30,-0.663
2021-03-29,-0.65
2021-03-26,-0.641
2021-03-25,-0.64
2021-03-24,-0.638
2021-03-23,-0.635
2021-03-22,-0.627
2021-03-19,-0.621
2021-03-18,-0.627
2021-03-17,-0.621
2021-03-16,-0.622
2021-03-15,-0.619
2021-03-12,-0.62
2021-03-11,-0.618
2021-03-10,-0.617
2021-03-09,-0.615
2021-03-08,-0.613
2021-03-05,-0.622
2021-03-04,-0.615
2021-03-03,-0.624
2021-03-02,-0.619
2021-03-01,-0.615
2021-02-26,-0.577
2021-02-25,-0.579
2021-02-24,-0.581
2021-02-23,-0.632
2021-02-22,-0.625
2021-02-19,-0.578
2021-02-18,-0.603
2021-02-17,-0.627
2021-02-16,-0.632
2021-02-15,-0.633
2021-02-12,-0.635
2021-02-11,-0.636
2021-02-10,-0.636
2021-02-09,-0.628
2021-02-08,-0.641
2021-02-05,-0.637
2021-02-04,-0.627
2021-02-03,-0.629
2021-02-02,-0.637
2021-02-01,-0.628
2021-01-29,-0.644
2021-01-28,-0.642
2021-01-27,-0.638
2021-01-26,-0.639
2021-01-25,-0.608
2021-01-22,-0.618
2021-01-21,-0.608
2021-01-20,-0.608
2021-01-19,-0.631
2021-01-18,-0.614
2021-01-15,-0.652
2021-01-14,-0.627
2021-01-13,-0.629
2021-01-12,-0.65
2021-01-11,-0.654
2021-01-08,-0.629
2021-01-07,-0.655
2021-01-06,-0.646
2021-01-05,-0.655
2021-01-04,-0.599
2020-12-31,-0.794
2020-12-30,-0.794
2020-12-29,-0.769
2020-12-28,-0.76
2020-12-24,-0.781
2020-12-23,-0.763
2020-12-22,-0.774
2020-12-21,-0.78
2020-12-18,-0.782
2020-12-17,-0.776
2020-12-16,-0.77
2020-12-15,-0.783
2020-12-14,-0.781
2020-12-11,-0.779
2020-12-10,-0.775
2020-12-09,-0.795
2020-12-08,-0.771
2020-12-07,-0.762
2020-12-04,-0.761
2020-12-03,-0.752
2020-12-02,-0.739
2020-12-01,-0.737
2020-11-30,-0.733
2020-11-27,-0.752
2020-11-26,-0.736
2020-11-25,-0.714
2020-11-24,-0.701
2020-11-23,-0.686
2020-11-20,-0.687
2020-11-19,-0.684
2020-11-18,-0.688
2020-11-17,-0.684
2020-11-16,-0.687
2020-11-13,-0.721
2020-11-12,-0.717
2020-11-11,-0.725
2020-11-10,-0.715
2020-11-09,-0.715
2020-11-06,-0.738
2020-11-05,-0.721
2020-11-04,-0.753
2020-11-03,-0.748
2020-11-02,-0.75
2020-10-30,-0.752
2020-10-29,-0.749
2020-10-28,-0.747
2020-10-27,-0.759
2020-10-26,-0.641
2020-10-23,-0.659
2020-10-22,-0.664
2020-10-21,-0.668
2020-10-20,-0.658
2020-10-19,-0.659
2020-10-16,-0.656
2020-10-15,-0.65
2020-10-14,-0.661
2020-10-13,-0.639
2020-10-12,-0.628
2020-10-09,-0.632
2020-10-08,-0.633
2020-10-07,-0.632
2020-10-06,-0.627
2020-10-05,-0.623
2020-10-02,-0.617
2020-10-01,-0.621
2020-09-30,-0.614
2020-09-29,-0.616
2020-09-28,-0.618
2020-09-25,-0.606
2020-09-24,-0.595
2020-09-23,-0.598
2020-09-22,-0.59
2020-09-21,-0.582
2020-09-18,-0.593
2020-09-17,-0.576
2020-09-16,-0.588
2020-09-15,-0.581
2020-09-14,-0.585
2020-09-11,-0.605
2020-09-10,-0.61
2020-09-09,-0.61
2020-09-08,-0.602
2020-09-07,-0.609
2020-09-04,-0.595
2020-09-03,-0.594
2020-09-02,-0.582
2020-09-01,-0.59
2020-08-31,-0.57
2020-08-28,-0.577
2020-08-27,-0.576
2020-08-26,-0.564
2020-08-25,-0.549
2020-08-24,-0.553
2020-08-21,-0.571
2020-08-20,-0.571
2020-08-19,-0.553
2020-08-18,-0.555
2020-08-17,-0.552
2020-08-14,-0.563
2020-08-13,-0.554
2020-08-12,-0.558
2020-08-11,-0.568
2020-08-10,-0.559
2020-08-07,-0.574
2020-08-06,-0.57
2020-08-05,-0.56
2020-08-04,-0.574
2020-08-03,-0.573
2020-07-31,-0.577
2020-07-30,-0.575
2020-07-29,-0.572
2020-07-28,-0.567
2020-07-27,-0.572
2020-07-24,-0.573
2020-07-23,-0.573
2020-07-22,-0.578
2020-07-21,-0.564
2020-07-20,-0.573
2020-07-17,-0.575
2020-07-16,-0.567
2020-07-15,-0.577
2020-07-14,-0.572
2020-07-13,-0.576
2020-07-10,-0.585
2020-07-09,-0.586
2020-07-08,-0.584
2020-07-07,-0.582
2020-07-06,-0.58
2020-07-03,-0.577
2020-07-02,-0.578
2020-07-01,-0.568
2020-06-30,-0.564
2020-06-29,-0.52
2020-06-26,-0.557
2020-06-25,-0.549
2020-06-24,-0.551
2020-06-23,-0.553
2020-06-22,-0.51
2020-06-19,-0.543
2020-06-18,-0.543
2020-06-17,-0.54
2020-06-16,-0.54
2020-06-15,-0.5
2020-06-12,-0.538
2020-06-11,-0.542
2020-06-10,-0.539
2020-06-09,-0.503
2020-06-08,-0.56
2020-06-05,-0.575
2020-06-04,-0.505
2020-06-03,-0.501
2020-06-02,-0.575
2020-06-01,-0.575
2020-05-29,-0.575
2020-05-28,-0.509
2020-05-27,-0.511
2020-05-26,-0.575
2020-05-25,-0.575
2020-05-22,-0.502
2020-05-21,-0.499
2020-05-20,-0.501
2020-05-19,-0.575
2020-05-18,-0.499
2020-05-15,-0.499
2020-05-14,-0.501
2020-05-13,-0.498
2020-05-12,-0.5
2020-05-11,-0.549
2020-05-08,-0.549
2020-05-07,-0.548
2020-05-06,-0.544
2020-05-05,-0.553
2020-05-04,-0.549
2020-05-01,-0.566
2020-04-30,-0.552
2020-04-29,-0.57
2020-04-28,-0.546
2020-04-27,-0.553
2020-04-24,-0.56
2020-04-23,-0.523
2020-04-22,-0.52
2020-04-21,-0.558
2020-04-20,-0.528
2020-04-17,-0.638
2020-04-16,-0.64
2020-04-15,-0.636
2020-04-14,-0.65
2020-04-10,-0.709
2020-04-09,-0.699
2020-04-08,-0.65
2020-04-07,-0.684
2020-04-06,-0.68
2020-04-03,-0.65
2020-04-02,-0.65
2020-04-01,-0.65
2020-03-31,-0.678
2020-03-30,-0.65
2020-03-27,-0.674
2020-03-26,-0.65
2020-03-25,-0.65
2020-03-24,-0.65
2020-03-23,-0.65
2020-03-20,-0.726
2020-03-19,-0.65
2020-03-18,-0.65
2020-03-17,-0.65
2020-03-16,-0.746
2020-03-13,-0.734
2020-03-12,-0.721
2020-03-11,-0.65
2020-03-10,-0.726
2020-03-09,-0.65
2020-03-06,-0.59
2020-03-05,-0.645
2020-03-04,-0.642
2020-03-03,-0.617
2020-03-02,-0.623
2020-02-28,-0.59
2020-02-27,-0.59
2020-02-26,-0.603
2020-02-25,-0.587
2020-02-24,-0.575
2020-02-21,-0.565
2020-02-20,-0.574
2020-02-19,-0.564
2020-02-18,-0.573
2020-02-17,-0.569
2020-02-14,-0.575
2020-02-13,-0.57
2020-02-12,-0.576
2020-02-11,-0.57
2020-02-10,-0.578
2020-02-07,-0.568
2020-02-06,-0.566
2020-02-05,-0.57
2020-02-04,-0.554
2020-02-03,-0.57
2020-01-31,-0.57
2020-01-30,-0.57
2020-01-29,-0.57
2020-01-28,-0.572
2020-01-27,-0.57
2020-01-24,-0.57
2020-01-23,-0.57
2020-01-22,-0.57
2020-01-21,-0.57
2020-01-20,-0.576
2020-01-17,-0.578
2020-01-16,-0.579
2020-01-15,-0.586
2020-01-14,-0.592
2020-01-13,-0.591
2020-01-10,-0.622
2020-01-09,-0.623
2020-01-08,-0.624
2020-01-07,-0.615
2020-01-06,-0.62
2020-01-03,-0.617
2020-01-02,-0.682
2020-01-01,-0.735
2019-12-31,-0.722
2019-12-30,-0.72
2019-12-27,-0.745
2019-12-25,-0.777
2019-12-24,-0.763
2019-12-23,-0.71
2019-12-20,-0.719
2019-12-19,-0.707
2019-12-18,-0.71
2019-12-17,-0.656
2019-12-16,-0.708
2019-12-13,-0.707
2019-12-12,-0.658
2019-12-11,-0.661
2019-12-09,-0.686
2019-12-06,-0.675
2019-12-05,-0.667
2019-12-04,-0.657
2019-12-03,-0.645
2019-12-02,-0.627
2019-11-29,-0.621
2019-11-28,-0.619
2019-11-27,-0.624
2019-11-26,-0.604
2019-11-25,-0.589
2019-11-22,-0.583
2019-11-21,-0.58
2019-11-20,-0.579
2019-11-19,-0.579
2019-11-18,-0.597
2019-11-15,-0.606
2019-11-14,-0.601
2019-11-13,-0.602
2019-11-12,-0.591
2019-11-11,-0.578
2019-11-08,-0.579
2019-11-07,-0.586
2019-11-06,-0.586
2019-11-05,-0.582
2019-11-04,-0.588
2019-11-01,-0.592
2019-10-31,-0.593
2019-10-30,-0.587
2019-10-29,-0.623
2019-10-28,-0.605
2019-10-25,-0.589
2019-10-24,-0.583
2019-10-23,-0.582
2019-10-22,-0.581
2019-10-21,-0.602
2019-10-18,-0.584
2019-10-17,-0.584
2019-10-16,-0.592
2019-10-15,-0.579
2019-10-14,-0.597
2019-10-11,-0.589
2019-10-10,-0.598
2019-10-09,-0.583
2019-10-08,-0.585
2019-10-07,-0.607
2019-10-04,-0.597
2019-10-03,-0.599
2019-10-02,-0.595
2019-10-01,-0.592
2019-09-30,-0.578
2019-09-27,-0.593
2019-09-26,-0.592
2019-09-25,-0.582
2019-09-24,-0.571
2019-09-23,-0.59
2019-09-20,-0.647
2019-09-19,-0.63
2019-09-18,-0.652
2019-09-17,-0.641
2019-09-16,-0.662
2019-09-13,-0.654
2019-09-12,-0.673
2019-09-11,-0.697
2019-09-10,-0.691
2019-09-09,-0.711
2019-09-06,-0.701
2019-09-05,-0.712
2019-09-04,-0.727
2019-09-03,-0.713
2019-09-02,-0.74
2019-08-30,-0.73
2019-08-29,-0.723
2019-08-28,-0.719
2019-08-27,-0.695
2019-08-26,-0.712
2019-08-23,-0.703
2019-08-22,-0.703
2019-08-21,-0.693
2019-08-20,-0.7
2019-08-19,-0.708
2019-08-16,-0.69
2019-08-15,-0.718
2019-08-14,-0.69
2019-08-13,-0.681
2019-08-12,-0.558
2019-08-09,-0.546
2019-08-08,-0.552
2019-08-07,-0.537
2019-08-06,-0.547
2019-08-05,-0.549
2019-08-02,-0.547
2019-08-01,-0.541
2019-07-31,-0.528
2019-07-30,-0.544
2019-07-29,-0.527
2019-07-26,-0.522
2019-07-25,-0.536
2019-07-24,-0.535
2019-07-23,-0.537
2019-07-22,-0.53
2019-07-19,-0.546
2019-07-18,-0.544
2019-07-17,-0.592
2019-07-16,-0.577
2019-07-15,-0.54
2019-07-13,-0.623
2019-07-12,-0.538
2019-07-11,-0.539
2019-07-10,-0.54
2019-07-09,-0.545
2019-07-08,-0.54
2019-07-05,-0.544
2019-07-04,-0.541
2019-07-03,-0.54
2019-07-02,-0.531
2019-07-01,-0.534
2019-06-28,-0.525
2019-06-27,-0.569
2019-06-26,-0.552
2019-06-25,-0.531
2019-06-24,-0.527
2019-06-21,-0.526
2019-06-20,-0.527
2019-06-19,-0.545
2019-06-18,-0.53
2019-06-17,-0.53
2019-06-14,-0.561
2019-06-13,-0.557
2019-06-12,-0.553
2019-06-11,-0.556
2019-06-10,-0.552
2019-06-07,-0.56
2019-06-06,-0.557
2019-06-05,-0.561
2019-06-04,-0.558
2019-06-03,-0.558
2019-05-31,-0.557
2019-05-30,-0.514
2019-05-29,-0.558
2019-05-28,-0.56
2019-05-27,-0.557
2019-05-24,-0.559
2019-05-23,-0.561
2019-05-22,-0.558
2019-05-21,-0.562
2019-05-20,-0.561
2019-05-17,-0.567
2019-05-16,-0.525
2019-05-15,-0.526
2019-05-14,-0.571
2019-05-13,-0.573
2019-05-10,-0.57
2019-05-09,-0.57
2019-05-08,-0.561
2019-05-07,-0.566
2019-05-06,-0.531
2019-05-03,-0.529
2019-05-02,-0.534
2019-04-30,-0.571
2019-04-29,-0.515
2019-04-26,-0.558
2019-04-25,-0.511
2019-04-24,-0.549
2019-04-23,-0.545
2019-04-18,-0.545
2019-04-17,-0.542
2019-04-16,-0.541
2019-04-15,-0.537
2019-04-12,-0.55
2019-04-11,-0.548
2019-04-10,-0.502
2019-04-09,-0.543
2019-04-08,-0.497
2019-04-05,-0.492
2019-04-04,-0.527
2019-04-03,-0.532
2019-04-02,-0.492
2019-04-01,-0.539
2019-03-29,-0.543
2019-03-28,-0.503
2019-03-27,-0.502
2019-03-26,-0.534
2019-03-25,-0.538
2019-03-22,-0.559
2019-03-21,-0.519
2019-03-20,-0.518
2019-03-19,-0.521
2019-03-18,-0.551
2019-03-15,-0.515
2019-03-14,-0.514
2019-03-13,-0.557
2019-03-12,-0.546
2019-03-11,-0.502
2019-03-08,-0.551
2019-03-07,-0.509
2019-03-06,-0.512
2019-03-05,-0.498
2019-03-04,-0.543
2019-03-01,-0.493
2019-02-28,-0.534
2019-02-27,-0.531
2019-02-26,-0.544
2019-02-25,-0.542
2019-02-22,-0.558
2019-02-21,-0.549
2019-02-20,-0.55
2019-02-19,-0.547
2019-02-18,-0.54
2019-02-15,-0.538
2019-02-14,-0.541
2019-02-13,-0.535
2019-02-12,-0.53
2019-02-11,-0.51
2019-02-08,-0.539
2019-02-07,-0.523
2019-02-06,-0.527
2019-02-05,-0.532
2019-02-04,-0.538
2019-02-01,-0.549
2019-01-31,-0.546
2019-01-30,-0.543
2019-01-29,-0.55
2019-01-28,-0.55
2019-01-25,-0.575
2019-01-24,-0.577
2019-01-23,-0.58
2019-01-22,-0.586
2019-01-21,-0.569
2019-01-18,-0.578
2019-01-17,-0.577
2019-01-16,-0.573
2019-01-15,-0.596
2019-01-14,-0.615
2019-01-11,-0.595
2019-01-10,-0.607
2019-01-09,-0.61
2019-01-08,-0.621
2019-01-07,-0.606
2019-01-04,-0.609
2019-01-03,-0.655
2019-01-02,-0.83
2019-01-01,-0.849
2018-12-31,-0.845
2018-12-28,-1.001
2018-12-27,-0.988
2018-12-25,-0.969
2018-12-24,-0.966
2018-12-21,-0.927
2018-12-20,-0.832
2018-12-19,-0.842
2018-12-18,-0.818
2018-12-17,-0.775
2018-12-14,-0.68
2018-12-13,-0.748
2018-12-12,-0.7
2018-12-11,-0.731
2018-12-10,-0.738
2018-12-07,-0.735
2018-12-06,-0.711
2018-12-05,-0.702
2018-12-04,-0.761
2018-12-03,-0.755
2018-11-30,-0.749
2018-11-29,-0.769
2018-11-28,-0.774
2018-11-27,-0.773
2018-11-26,-0.79
2018-11-23,-0.757
2018-11-22,-0.743
2018-11-21,-0.739
2018-11-20,-0.733
2018-11-19,-0.662
2018-11-16,-0.728
2018-11-15,-0.73
2018-11-14,-0.721
2018-11-13,-0.727
2018-11-12,-0.713
2018-11-09,-0.722
2018-11-08,-0.727
2018-11-07,-0.768
2018-11-06,-0.781
2018-11-05,-0.791
2018-11-02,-0.794
2018-11-01,-0.823
2018-10-31,-0.842
2018-10-30,-0.853
2018-10-29,-0.802
2018-10-26,-0.812
2018-10-25,-0.67
2018-10-24,-0.68
2018-10-23,-0.72
2018-10-22,-0.742
2018-10-19,-0.74
2018-10-18,-0.732
2018-10-17,-0.722
2018-10-16,-0.704
2018-10-15,-0.681
2018-10-12,-0.675
2018-10-11,-0.682
2018-10-10,-0.671
2018-10-09,-0.569
2018-10-08,-0.575
2018-10-05,-0.574
2018-10-04,-0.573
2018-10-03,-0.565
2018-10-02,-0.57
2018-10-01,-0.569
2018-09-28,-0.577
2018-09-27,-0.579
2018-09-26,-0.588
2018-09-25,-0.584
2018-09-24,-0.581
2018-09-21,-0.615
2018-09-20,-0.612
2018-09-19,-0.596
2018-09-18,-0.589
2018-09-17,-0.588
2018-09-14,-0.538
2018-09-13,-0.537
2018-09-12,-0.534
2018-09-11,-0.531
2018-09-10,-0.58
2018-09-07,-0.572
2018-09-06,-0.575
2018-09-05,-0.584
2018-09-04,-0.569
2018-09-03,-0.582
2018-08-31,-0.582
2018-08-30,-0.589
2018-08-29,-0.596
2018-08-28,-0.607
2018-08-27,-0.592
2018-08-24,-0.622
2018-08-23,-0.624
2018-08-22,-0.63
2018-08-21,-0.633
2018-08-20,-0.633
2018-08-17,-0.634
2018-08-16,-0.628
2018-08-15,-0.632
2018-08-14,-0.611
2018-08-13,-0.61
2018-08-10,-0.577
2018-08-09,-0.576
2018-08-08,-0.574
2018-08-07,-0.587
2018-08-06,-0.58
2018-08-03,-0.591
2018-08-02,-0.57
2018-08-01,-0.566
2018-07-31,-0.589
2018-07-30,-0.588
2018-07-27,-0.593
2018-07-26,-0.557
2018-07-25,-0.582
2018-07-24,-0.589
2018-07-23,-0.6
2018-07-20,-0.633
2018-07-19,-0.619
2018-07-18,-0.639
2018-07-17,-0.655
2018-07-16,-0.655
2018-07-13,-0.62
2018-07-12,-0.62
2018-07-11,-0.616
2018-07-10,-0.655
2018-07-09,-0.654
2018-07-06,-0.654
2018-07-05,-0.614
2018-07-04,-0.61
2018-07-03,-0.63
2018-07-02,-0.657
2018-06-29,-0.589
2018-06-28,-0.605
2018-06-27,-0.615
2018-06-26,-0.613
2018-06-25,-0.6
2018-06-22,-0.562
2018-06-21,-0.646
2018-06-20,-0.639
2018-06-19,-0.637
2018-06-18,-0.632
2018-06-15,-0.63
2018-06-14,-0.619
2018-06-13,-0.621
2018-06-12,-0.625
2018-06-11,-0.624
2018-06-08,-0.633
2018-06-07,-0.64
2018-06-06,-0.609
2018-06-04,-0.606
2018-06-01,-0.615
2018-05-31,-0.644
2018-05-30,-0.635
2018-05-29,-0.638
2018-05-28,-0.616
2018-05-25,-0.614
2018-05-24,-0.613
2018-05-23,-0.61
2018-05-22,-0.62
2018-05-20,-0.62
2018-05-18,-0.62
2018-05-17,-0.623
2018-05-16,-0.624
2018-05-15,-0.605
2018-05-14,-0.618
2018-05-11,-0.615
2018-05-10,-0.616
2018-05-09,-0.619
2018-05-08,-0.631
2018-05-07,-0.641
2018-05-04,-0.636
2018-05-03,-0.657
2018-05-02,-0.674
2018-04-30,-0.676
2018-04-27,-0.678
2018-04-26,-0.678
2018-04-25,-0.679
2018-04-24,-0.683
2018-04-23,-0.68
2018-04-20,-0.685
2018-04-19,-0.683
2018-04-18,-0.688
2018-04-17,-0.69
2018-04-16,-0.69
2018-04-13,-0.692
2018-04-12,-0.689
2018-04-11,-0.698
2018-04-10,-0.778
2018-04-09,-0.771
2018-04-06,-0.784
2018-04-05,-0.782
2018-04-04,-0.786
2018-04-03,-0.771
2018-03-30,-0.804
2018-03-29,-0.786
2018-03-28,-0.785
2018-03-27,-0.765
2018-03-26,-0.772
2018-03-23,-0.749
2018-03-22,-0.752
2018-03-21,-0.729
2018-03-20,-0.748
2018-03-19,-0.799
2018-03-16,-0.797
2018-03-15,-0.784
2018-03-14,-0.771
2018-03-13,-0.75
2018-03-12,-0.74
2018-03-09,-0.734
2018-03-08,-0.734
2018-03-07,-0.769
2018-03-06,-0.762
2018-03-05,-0.761
2018-03-02,-0.695
2018-03-01,-0.705
2018-02-28,-0.7
2018-02-27,-0.696
2018-02-26,-0.692
2018-02-23,-0.697
2018-02-22,-0.701
2018-02-21,-0.69
2018-02-20,-0.709
2018-02-19,-0.702
2018-02-18,-0.702
2018-02-16,-0.702
2018-02-15,-0.702
2018-02-14,-0.699
2018-02-13,-0.699
2018-02-12,-0.693
2018-02-09,-0.693
2018-02-08,-0.688
2018-02-07,-0.686
2018-02-06,-0.69
2018-02-05,-0.686
2018-02-02,-0.687
2018-02-01,-0.692
2018-01-31,-0.683
2018-01-30,-0.686
2018-01-29,-0.686
2018-01-26,-0.694
2018-01-25,-0.687
2018-01-24,-0.704
2018-01-23,-0.7
2018-01-22,-0.711
2018-01-19,-0.707
2018-01-18,-0.702
2018-01-17,-0.704
2018-01-16,-0.705
2018-01-15,-0.722
2018-01-12,-0.711
2018-01-11,-0.721
2018-01-10,-0.689
2018-01-09,-0.697
2018-01-08,-0.7
2018-01-05,-0.701
2018-01-04,-0.802
2018-01-03,-0.876
2018-01-02,-0.88
2018-01-01,-0.804
2017-12-29,-0.803
2017-12-28,-0.818
2017-12-27,-1
2017-12-25,-1.226
2017-12-22,-1.076
2017-12-21,-1.12
2017-12-20,-1.128
2017-12-19,-1.12
2017-12-18,-1.1
2017-12-16,-1.046
2017-12-15,-1.046
2017-12-14,-1.077
2017-12-13,-1.047
2017-12-12,-1.01
2017-12-11,-0.985
2017-12-08,-1.02
2017-12-07,-0.988
2017-12-06,-0.973
2017-12-05,-0.982
2017-12-04,-0.973
2017-12-01,-0.921
2017-11-30,-0.912
2017-11-29,-0.952
2017-11-28,-0.935
2017-11-27,-0.947
2017-11-24,-0.984
2017-11-23,-0.81
2017-11-22,-0.931
2017-11-21,-0.81
2017-11-20,-0.825
2017-11-17,-0.909
2017-11-16,-0.891
2017-11-15,-0.888
2017-11-14,-0.8
2017-11-13,-0.88
2017-11-10,-0.884
2017-11-09,-0.865
2017-11-08,-0.839
2017-11-07,-0.839
2017-11-06,-0.835
2017-11-03,-0.83
2017-11-02,-0.833
2017-11-01,-0.833
2017-10-31,-0.834
2017-10-30,-0.832
2017-10-29,-0.84
2017-10-27,-0.84
2017-10-26,-0.834
2017-10-25,-0.831
2017-10-24,-0.827
2017-10-23,-0.828
2017-10-22,-0.824
2017-10-20,-0.824
2017-10-19,-0.822
2017-10-18,-0.816
2017-10-17,-0.823
2017-10-16,-0.826
2017-10-13,-0.825
2017-10-12,-0.826
2017-10-11,-0.826
2017-10-10,-0.816
2017-10-09,-0.821
2017-10-06,-0.824
2017-10-05,-0.743
2017-10-04,-0.777
2017-10-03,-0.771
2017-10-02,-0.752
2017-09-29,-0.73
2017-09-28,-0.771
2017-09-27,-0.774
2017-09-26,-0.747
2017-09-25,-0.742
2017-09-22,-0.731
2017-09-21,-0.741
2017-09-20,-0.736
2017-09-19,-0.73
2017-09-18,-0.735
2017-09-15,-0.734
2017-09-14,-0.759
2017-09-13,-0.736
2017-09-12,-0.741
2017-09-11,-0.74
2017-09-08,-0.74
2017-09-07,-0.745
2017-09-06,-0.741
2017-09-05,-0.7
2017-09-04,-0.74
2017-09-01,-0.749
2017-08-31,-0.726
2017-08-30,-0.719
2017-08-29,-0.725
2017-08-28,-0.734
2017-08-25,-0.746
2017-08-24,-0.727
2017-08-23,-0.707
2017-08-22,-0.717
2017-08-21,-0.711
2017-08-18,-0.711
2017-08-17,-0.713
2017-08-16,-0.709
2017-08-15,-0.707
2017-08-14,-0.732
2017-08-11,-0.734
2017-08-10,-0.737
2017-08-09,-0.725
2017-08-08,-0.729
2017-08-07,-0.732
2017-08-06,-0.734
2017-08-04,-0.734
2017-08-03,-0.68
2017-08-02,-0.694
2017-08-01,-0.73
2017-07-31,-0.737
2017-07-28,-0.737
2017-07-27,-0.726
2017-07-26,-0.726
2017-07-25,-0.758
2017-07-24,-0.758
2017-07-21,-0.734
2017-07-20,-0.766
2017-07-19,-0.675
2017-07-18,-0.641
2017-07-17,-0.734
2017-07-16,-0.757
2017-07-14,-0.757
2017-07-13,-0.757
2017-07-12,-0.778
2017-07-11,-0.784
2017-07-10,-0.776
2017-07-07,-0.805
2017-07-06,-0.802
2017-07-05,-0.761
2017-07-04,-0.776
2017-07-03,-0.796
2017-07-02,-0.768
2017-07-01,-0.768
2017-06-30,-0.768
2017-06-29,-0.8
2017-06-28,-0.854
2017-06-27,-0.872
2017-06-26,-0.846
2017-06-25,-0.826
2017-06-23,-0.826
2017-06-22,-0.874
2017-06-21,-0.873
2017-06-20,-0.88
2017-06-19,-0.857
2017-06-16,-0.877
2017-06-15,-0.893
2017-06-14,-0.897
2017-06-13,-0.897
2017-06-12,-0.912
2017-06-09,-0.906
2017-06-08,-0.928
2017-06-07,-0.904
2017-06-06,-0.911
2017-06-05,-0.896
2017-06-02,-0.889
2017-06-01,-0.893
2017-05-31,-0.9
2017-05-30,-0.895
2017-05-29,-0.888
2017-05-26,-0.907
2017-05-25,-0.904
2017-05-24,-0.934
2017-05-23,-0.918
2017-05-22,-0.912
2017-05-19,-0.909
2017-05-18,-0.907
2017-05-17,-0.908
2017-05-16,-0.906
2017-05-15,-0.906
2017-05-12,-0.915
2017-05-11,-0.921
2017-05-10,-0.883
2017-05-09,-0.886
2017-05-08,-0.891
2017-05-07,-0.902
2017-05-05,-0.902
2017-05-04,-0.886
2017-05-03,-0.892
2017-05-02,-0.912
2017-04-28,-0.905
2017-04-27,-0.894
2017-04-26,-0.876
2017-04-25,-0.86
2017-04-24,-0.86
2017-04-22,-0.841
2017-04-21,-0.841
2017-04-20,-0.865
2017-04-19,-0.875
2017-04-18,-0.884
2017-04-17,-0.753
2017-04-13,-0.753
2017-04-12,-0.76
2017-04-11,-0.865
2017-04-10,-0.867
2017-04-07,-0.863
2017-04-06,-0.865
2017-04-05,-0.923
2017-04-04,-0.877
2017-04-03,-0.967
2017-03-31,-0.894
2017-03-30,-0.944
2017-03-29,-0.991
2017-03-28,-0.985
2017-03-27,-0.992
2017-03-26,-0.962
2017-03-24,-0.962
2017-03-23,-0.98
2017-03-22,-0.979
2017-03-21,-0.962
2017-03-20,-0.963
2017-03-18,-0.969
2017-03-17,-0.969
2017-03-16,-0.97
2017-03-15,-0.963
2017-03-14,-0.928
2017-03-13,-0.93
2017-03-10,-0.934
2017-03-09,-0.951
2017-03-08,-0.93
2017-03-07,-0.901
2017-03-06,-0.889
2017-03-03,-0.891
2017-03-02,-0.891
2017-03-01,-0.894
2017-02-28,-0.896
2017-02-27,-0.906
2017-02-24,-0.938
2017-02-23,-0.904
2017-02-22,-0.894
2017-02-21,-0.902
2017-02-20,-0.849
2017-02-17,-0.832
2017-02-16,-0.83
2017-02-15,-0.839
2017-02-14,-0.845
2017-02-13,-0.825
2017-02-10,-0.793
2017-02-09,-0.779
2017-02-08,-0.789
2017-02-07,-0.779
2017-02-06,-0.78
2017-02-03,-0.776
2017-02-02,-0.789
2017-02-01,-0.794
2017-01-31,-0.818
2017-01-30,-0.827
2017-01-27,-0.833
2017-01-26,-0.839
2017-01-25,-0.843
2017-01-24,-0.836
2017-01-23,-0.856
2017-01-20,-0.81
2017-01-19,-0.843
2017-01-18,-0.86
2017-01-17,-0.884
2017-01-16,-0.929
2017-01-13,-0.911
2017-01-12,-0.903
2017-01-11,-0.902
2017-01-10,-0.706
2017-01-09,-0.679
2017-01-06,-0.679
2017-01-05,-0.836
2017-01-04,-0.828
2017-01-03,-0.844
2017-01-02,-0.975
2016-12-30,-0.93
2016-12-29,-0.929
2016-12-28,-0.942
2016-12-27,-0.928
2016-12-23,-0.92
2016-12-22,-0.944
2016-12-21,-0.939
2016-12-20,-0.941
2016-12-19,-0.943
2016-12-16,-0.916
2016-12-15,-0.932
2016-12-14,-0.911
2016-12-13,-0.913
2016-12-12,-0.927
2016-12-09,-0.909
2016-12-08,-0.911
2016-12-07,-0.88
2016-12-06,-0.875
2016-12-05,-0.859
2016-12-02,-0.854
2016-12-01,-0.859
2016-11-30,-0.774
2016-11-29,-0.69
2016-11-28,-0.761
2016-11-25,-0.774
2016-11-24,-0.786
2016-11-23,-0.761
2016-11-22,-0.764
2016-11-21,-0.766
2016-11-18,-0.763
2016-11-17,-0.76
2016-11-16,-0.549
2016-11-15,-0.747
2016-11-14,-0.762
2016-11-11,-0.761
2016-11-10,-0.751
2016-11-09,-0.746
2016-11-08,-0.753
2016-11-07,-0.747
2016-11-04,-0.744
2016-11-03,-0.757
2016-11-02,-0.748
2016-11-01,-0.752
2016-10-31,-0.749
2016-10-28,-0.748
2016-10-27,-0.747
2016-10-26,-0.757
2016-10-25,-0.747
2016-10-24,-0.853
2016-10-21,-0.854
2016-10-20,-0.854
2016-10-19,-0.851
2016-10-18,-0.849
2016-10-17,-0.835
2016-10-15,-0.857
2016-10-14,-0.857
2016-10-13,-0.855
2016-10-12,-0.856
2016-10-11,-0.85
2016-10-10,-0.849
2016-10-07,-0.843
2016-10-06,-0.836
2016-10-05,-0.802
2016-10-04,-0.787
2016-10-03,-0.789
2016-09-30,-0.785
2016-09-29,-0.753
2016-09-28,-0.754
2016-09-27,-0.732
2016-09-26,-0.732
2016-09-25,-0.729
2016-09-24,-0.729
2016-09-23,-0.729
2016-09-22,-0.721
2016-09-21,-0.723
2016-09-20,-0.725
2016-09-19,-0.732
2016-09-17,-0.732
2016-09-16,-0.732
2016-09-15,-0.732
2016-09-14,-0.724
2016-09-13,-0.722
2016-09-12,-0.722
2016-09-09,-0.724
2016-09-08,-0.734
2016-09-07,-0.733
2016-09-06,-0.79
2016-09-05,-0.791
2016-09-02,-0.792
2016-09-01,-0.789
2016-08-31,-0.809
2016-08-30,-0.806
2016-08-29,-0.8
2016-08-26,-0.808
2016-08-25,-0.793
2016-08-24,-0.79
2016-08-23,-0.784
2016-08-22,-0.794
2016-08-19,-0.791
2016-08-18,-0.807
2016-08-17,-0.805
2016-08-16,-0.78
2016-08-15,-0.78
2016-08-14,-0.787
2016-08-13,-0.787
2016-08-12,-0.787
2016-08-11,-0.786
2016-08-10,-0.735
2016-08-09,-0.738
2016-08-08,-0.73
2016-08-06,-0.705
2016-08-05,-0.705
2016-08-04,-0.698
2016-08-03,-0.696
2016-08-02,-0.738
2016-08-01,-0.737
2016-07-29,-0.737
2016-07-28,-0.744
2016-07-27,-0.738
2016-07-26,-0.737
2016-07-25,-0.737
2016-07-22,-0.732
2016-07-21,-0.723
2016-07-20,-0.729
2016-07-19,-0.73
2016-07-18,-0.73
2016-07-15,-0.736
2016-07-14,-0.728
2016-07-13,-0.739
2016-07-12,-0.741
2016-07-11,-0.73
2016-07-08,-0.732
2016-07-07,-0.728
2016-07-06,-0.731
2016-07-05,-0.681
2016-07-04,-0.585
2016-07-01,-0.555
2016-06-30,-0.649
2016-06-29,-0.555
2016-06-28,-0.56
2016-06-27,-0.574
2016-06-24,-0.578
2016-06-23,-0.582
2016-06-22,-0.555
2016-06-21,-0.553
2016-06-20,-0.593
2016-06-17,-0.585
2016-06-16,-0.556
2016-06-15,-0.554
2016-06-14,-0.631
2016-06-13,-0.63
2016-06-10,-0.62
2016-06-09,-0.553
2016-06-08,-0.556
2016-06-07,-0.552
2016-06-06,-0.552
2016-06-03,-0.551
2016-06-02,-0.583
2016-06-01,-0.551
2016-05-31,-0.564
2016-05-30,-0.566
2016-05-27,-0.545
2016-05-26,-0.54
2016-05-25,-0.576
2016-05-24,-0.522
2016-05-23,-0.549
2016-05-20,-0.551
2016-05-19,-0.519
2016-05-18,-0.515
2016-05-17,-0.546
2016-05-16,-0.514
2016-05-13,-0.535
2016-05-12,-0.584
2016-05-11,-0.545
2016-05-10,-0.545
2016-05-09,-0.547
2016-05-06,-0.544
2016-05-05,-0.558
2016-05-04,-0.558
2016-05-03,-0.558
2016-05-02,-0.591
2016-04-29,-0.559
2016-04-28,-0.559
2016-04-27,-0.572
2016-04-26,-0.558
2016-04-25,-0.56
2016-04-22,-0.538
2016-04-21,-0.537
2016-04-20,-0.539
2016-04-19,-0.538
2016-04-18,-0.595
2016-04-15,-0.601
2016-04-14,-0.587
2016-04-13,-0.588
2016-04-12,-0.597
2016-04-11,-0.598
2016-04-08,-0.601
2016-04-07,-0.591
2016-04-06,-0.608
2016-04-05,-0.548
2016-04-04,-0.567
2016-04-01,-0.56
2016-03-31,-0.559
2016-03-30,-0.539
2016-03-29,-0.533
2016-03-24,-0.531
2016-03-23,-0.599
2016-03-22,-0.531
2016-03-21,-0.53
2016-03-18,-0.535
2016-03-17,-0.529
2016-03-16,-0.527
2016-03-15,-0.53
2016-03-14,-0.528
2016-03-11,-0.526
2016-03-10,-0.523
2016-03-09,-0.541
2016-03-08,-0.541
2016-03-07,-0.547
2016-03-04,-0.542
2016-03-03,-0.549
2016-03-02,-0.545
2016-03-01,-0.543
2016-02-29,-0.547
2016-02-26,-0.56
2016-02-25,-0.533
2016-02-24,-0.428
2016-02-23,-0.429
2016-02-22,-0.434
2016-02-19,-0.439
2016-02-18,-0.458
2016-02-17,-0.427
2016-02-16,-0.381
2016-02-15,-0.38
2016-02-14,-0.37
2016-02-12,-0.369
2016-02-11,-0.371
2016-02-10,-0.369
2016-02-09,-0.394
2016-02-08,-0.397
2016-02-05,-0.406
2016-02-04,-0.38
2016-02-03,-0.378
2016-02-02,-0.385
2016-02-01,-0.384
2016-01-29,-0.395
2016-01-28,-0.453
2016-01-27,-0.486
2016-01-26,-0.461
2016-01-25,-0.465
2016-01-22,-0.475
2016-01-21,-0.478
2016-01-20,-0.477
2016-01-19,-0.472
2016-01-18,-0.487
2016-01-15,-0.473
2016-01-14,-0.515
2016-01-13,-0.536
2016-01-12,-0.543
2016-01-11,-0.566
2016-01-10,-0.56
2016-01-08,-0.56
2016-01-07,-0.552
2016-01-06,-0.565
2016-01-05,-0.52
2016-01-04,-0.54
2015-12-31,-0.604
2015-12-30,-0.604
2015-12-29,-0.486
2015-12-28,-0.477
2015-12-24,-0.475
2015-12-23,-0.475
2015-12-22,-0.47
2015-12-21,-0.475
2015-12-18,-0.469
2015-12-17,-0.466
2015-12-16,-0.489
2015-12-15,-0.463
2015-12-14,-0.476
2015-12-11,-0.417
2015-12-10,-0.411
2015-12-09,-0.403
2015-12-08,-0.372
2015-12-07,-0.343
2015-12-04,-0.281
2015-12-03,-0.326
2015-12-02,-0.384
2015-12-01,-0.349
2015-11-30,-0.391
2015-11-27,-0.394
2015-11-26,-0.41
2015-11-25,-0.39
2015-11-24,-0.372
2015-11-23,-0.372
2015-11-22,-0.376
2015-11-20,-0.33
2015-11-19,-0.326
2015-11-18,-0.356
2015-11-17,-0.325
2015-11-16,-0.355
2015-11-13,-0.355
2015-11-12,-0.342
2015-11-11,-0.344
2015-11-10,-0.33
2015-11-09,-0.326
2015-11-06,-0.33
2015-11-05,-0.325
2015-11-04,-0.339
2015-11-03,-0.266
2015-11-02,-0.376
2015-10-30,-0.375
2015-10-29,-0.24
2015-10-28,-0.344
2015-10-27,-0.256
2015-10-26,-0.252
2015-10-24,-0.235
2015-10-23,-0.244
2015-10-22,-0.321
2015-10-21,-0.317
2015-10-20,-0.31
2015-10-19,-0.223
2015-10-18,-0.207
2015-10-17,-0.207
2015-10-16,-0.224
2015-10-15,-0.226
2015-10-14,-0.222
2015-10-13,-0.3
2015-10-12,-0.229
2015-10-09,-0.301
2015-10-08,-0.319
2015-10-07,-0.319
2015-10-06,-0.319
2015-10-05,-0.32
2015-10-03,-0.319
2015-10-02,-0.319
2015-10-01,-0.32
2015-09-30,-0.319
2015-09-29,-0.321
2015-09-28,-0.294
2015-09-27,-0.294
2015-09-25,-0.293
2015-09-24,-0.322
2015-09-23,-0.309
2015-09-22,-0.308
2015-09-21,-0.304
2015-09-18,-0.302
2015-09-17,-0.3
2015-09-16,-0.301
2015-09-15,-0.299
2015-09-14,-0.298
2015-09-11,-0.305
2015-09-10,-0.305
2015-09-09,-0.305
2015-09-08,-0.313
2015-09-07,-0.186
2015-09-06,-0.211
2015-09-05,-0.219
2015-09-04,-0.219
2015-09-03,-0.295
2015-09-02,-0.295
2015-09-01,-0.23
2015-08-31,-0.296
2015-08-28,-0.294
2015-08-27,-0.305
2015-08-26,-0.289
2015-08-25,-0.282
2015-08-24,-0.276
2015-08-21,-0.274
2015-08-20,-0.277
2015-08-19,-0.284
2015-08-18,-0.29
2015-08-17,-0.29
2015-08-14,-0.288
2015-08-13,-0.287
2015-08-12,-0.286
2015-08-11,-0.286
2015-08-10,-0.285
2015-08-07,-0.284
2015-08-06,-0.283
2015-08-05,-0.284
2015-08-04,-0.284
2015-08-03,-0.284
2015-07-31,-0.282
2015-07-30,-0.281
2015-07-29,-0.361
2015-07-28,-0.335
2015-07-27,-0.335
2015-07-24,-0.33
2015-07-23,-0.322
2015-07-22,-0.326
2015-07-21,-0.317
2015-07-20,-0.318
2015-07-18,-0.334
2015-07-17,-0.334
2015-07-16,-0.353
2015-07-15,-0.337
2015-07-14,-0.328
2015-07-13,-0.347
2015-07-10,-0.333
2015-07-09,-0.333
2015-07-08,-0.306
2015-07-07,-0.304
2015-07-06,-0.309
2015-07-03,-0.279
2015-07-02,-0.292
2015-07-01,-0.279
2015-06-30,-0.112
2015-06-29,-0.25
2015-06-26,-0.112
2015-06-25,-0.255
2015-06-24,-0.257
2015-06-23,-0.258
2015-06-22,-0.258
2015-06-19,-0.258
2015-06-18,-0.257
2015-06-17,-0.259
2015-06-16,-0.271
2015-06-15,-0.272
2015-06-12,-0.269
2015-06-11,-0.269
2015-06-10,-0.27
2015-06-09,-0.268
2015-06-08,-0.268
2015-06-07,-0.273
2015-06-05,-0.273
2015-06-04,-0.273
2015-06-03,-0.272
2015-06-02,-0.272
2015-06-01,-0.272
2015-05-30,-0.272
2015-05-29,-0.272
2015-05-28,-0.271
2015-05-27,-0.273
2015-05-26,-0.272
2015-05-25,-0.272
2015-05-22,-0.272
2015-05-21,-0.283
2015-05-20,-0.281
2015-05-19,-0.287
2015-05-18,-0.287
2015-05-15,-0.379
2015-05-14,-0.378
2015-05-13,-0.376
2015-05-12,-0.375
2015-05-11,-0.375
2015-05-08,-0.374
2015-05-07,-0.375
2015-05-06,-0.374
2015-05-05,-0.374
2015-05-04,-0.372
2015-05-01,-0.372
2015-04-30,-0.372
2015-04-29,-0.372
2015-04-28,-0.379
2015-04-27,-0.353
2015-04-24,-0.32
2015-04-23,-0.282
2015-04-22,-0.315
2015-04-21,-0.318
2015-04-20,-0.301
2015-04-17,-0.31
2015-04-16,-0.308
2015-04-15,-0.27
2015-04-14,-0.288
2015-04-13,-0.288
2015-04-10,-0.271
2015-04-09,-0.25
2015-04-08,-0.25
2015-04-07,-0.256
2015-04-06,-0.268
2015-04-04,-0.229
2015-04-02,-0.238
2015-04-01,-0.249
2015-03-31,-0.243
2015-03-30,-0.236
2015-03-27,-0.247
2015-03-26,-0.213
2015-03-25,-0.235
2015-03-24,-0.229
2015-03-23,-0.256
2015-03-21,-0.246
2015-03-20,-0.269
2015-03-19,-0.23
2015-03-18,-0.242
2015-03-17,-0.221
2015-03-16,-0.266
2015-03-14,-0.23
2015-03-13,-0.242
2015-03-12,-0.238
2015-03-11,-0.228
2015-03-10,-0.235
2015-03-09,-0.242
2015-03-06,-0.264
2015-03-05,-0.27
2015-03-04,-0.269
2015-03-03,-0.277
2015-03-02,-0.213
2015-02-27,-0.213
2015-02-26,-0.212
2015-02-25,-0.211
2015-02-24,-0.246
2015-02-23,-0.213
2015-02-21,-0.216
2015-02-20,-0.251
2015-02-19,-0.244
2015-02-18,-0.207
2015-02-17,-0.248
2015-02-16,-0.212
2015-02-14,-0.208
2015-02-13,-0.208
2015-02-12,-0.199
2015-02-11,-0.224
2015-02-10,-0.22
2015-02-09,-0.2
2015-02-07,-0.157
2015-02-06,-0.197
2015-02-05,-0.194
2015-02-04,-0.185
2015-02-03,-0.183
2015-02-02,-0.175
2015-02-01,-0.172
2015-01-31,-0.172
2015-01-30,-0.172
2015-01-29,-0.195
2015-01-28,-0.173
2015-01-27,-0.17
2015-01-26,-0.164
2015-01-23,-0.185
2015-01-22,-0.203
2015-01-21,-0.189
2015-01-20,-0.195
2015-01-19,-0.197
2015-01-17,-0.178
2015-01-16,-0.185
2015-01-15,-0.164
2015-01-14,-0.147
2015-01-13,-0.144
2015-01-12,-0.143
2015-01-09,-0.15
2015-01-08,-0.168
2015-01-07,-0.134
2015-01-06,-0.122
2015-01-05,-0.109
2015-01-02,-0.118
2014-12-30,-0.252
2014-12-29,-0.262
2014-12-28,-0.259
2014-12-27,-0.259
2014-12-24,-0.209
2014-12-23,-0.195
2014-12-22,-0.021
2014-12-19,-0.132
2014-12-18,-0.19
2014-12-17,-0.163
2014-12-16,-0.179
2014-12-15,-0.172
2014-12-14,-0.18
2014-12-12,-0.18
2014-12-11,-0.176
2014-12-10,-0.159
2014-12-09,-0.156
2014-12-08,-0.15
2014-12-06,-0.152
2014-12-05,-0.13
2014-12-04,-0.188
2014-12-03,-0.111
2014-12-02,-0.106
2014-12-01,-0.086
2014-11-30,-0.076
2014-11-29,-0.076
2014-11-28,-0.086
2014-11-27,-0.09
2014-11-26,-0.088
2014-11-25,-0.097
2014-11-24,-0.103
2014-11-22,-0.094
2014-11-21,-0.101
2014-11-20,0
2014-11-19,-0.093
2014-11-18,-0.085
2014-11-17,-0.116
2014-11-16,-0.069
2014-11-14,-0.126
2014-11-13,-0.124
2014-11-12,-0.147
2014-11-11,-0.139
2014-11-10,-0.137
2014-11-07,-0.135
2014-11-06,-0.149
2014-11-05,-0.148
2014-11-04,-0.146
2014-11-03,-0.139
2014-10-31,-0.137
2014-10-30,-0.145
2014-10-29,-0.134
2014-10-28,-0.128
2014-10-27,-0.131
2014-10-24,-0.12
2014-10-23,-0.114
2014-10-22,-0.136
2014-10-21,0
2014-10-20,-0.133
2014-10-17,-0.141
2014-10-16,-0.131
2014-10-15,-0.13
2014-10-14,-0.118
2014-10-13,-0.075
2014-10-11,-0.076
2014-10-10,-0.067
2014-10-09,-0.071
2014-10-08,-0.073
2014-10-07,-0.063
2014-10-06,-0.087
2014-10-04,-0.062
2014-10-03,-0.068
2014-10-02,-0.092
2014-10-01,-0.077
2014-09-30,-0.073
2014-09-27,-0.046
2014-09-26,-0.056
2014-09-25,0
2014-09-24,-0.058
2014-09-23,-0.017
2014-09-22,-0.051
2014-09-20,-0.028
2014-09-19,-0.03
2014-09-18,-0.041
2014-09-17,-0.04
2014-09-16,-0.051
2014-09-15,-0.064
2014-09-13,-0.063
2014-09-12,-0.069
2014-09-11,-0.075
2014-09-10,-0.077
2014-09-09,-0.081
2014-09-08,-0.074
2014-09-05,-0.078
2014-09-04,-0.08
2014-09-03,-0.026
2014-09-02,-0.036
2014-09-01,-0.026
2014-08-31,-0.02
2014-08-30,-0.02
2014-08-29,-0.025
2014-08-28,-0.008
2014-08-27,-0.029
2014-08-26,-0.007
2014-08-25,-0.005
2014-08-23,0.009
2014-08-22,0.011
2014-08-21,0.011
2014-08-20,0.01
2014-08-19,-0.052
2014-08-18,0.002
2014-08-15,0.004
2014-08-14,0.005
2014-08-13,0.012
2014-08-12,0.01
2014-08-11,0.014
2014-08-10,0.02
2014-08-08,0.02
2014-08-07,0.02
2014-08-06,-0.089
2014-08-05,-0.073
2014-08-04,0.026
2014-08-02,-0.061
2014-08-01,0.024
2014-07-31,0.029
2014-07-30,-0.062
2014-07-29,-0.037
2014-07-28,-0.037
2014-07-27,-0.019
2014-07-25,-0.019
2014-07-24,-0.014
2014-07-23,-0.013
2014-07-22,-0.013
2014-07-21,-0.019
2014-07-20,-0.02
2014-07-18,-0.02
2014-07-17,-0.026
2014-07-16,-0.02
2014-07-15,-0.016
2014-07-14,-0.019
2014-07-12,0.019
2014-07-11,-0.012
2014-07-10,-0.026
2014-07-09,-0.012
2014-07-08,-0.023
2014-07-07,-0.017
2014-07-05,-0.028
2014-07-04,-0.027
2014-07-03,-0.027
2014-07-02,-0.026
2014-07-01,-0.033
2014-06-30,-0.027
2014-06-28,-0.036
2014-06-27,-0.03
2014-06-26,-0.031
2014-06-25,-0.019
2014-06-24,-0.013
2014-06-23,-0.02
2014-06-22,-0.012
2014-06-20,-0.012
2014-06-19,-0.007
2014-06-18,-0.023
2014-06-17,-0.02
2014-06-16,-0.037
2014-06-14,-0.025
2014-06-13,-0.03
2014-06-12,-0.012
2014-06-11,0
2014-06-10,0
2014-06-09,0.06
2014-06-07,0.006
2014-06-06,0
2014-06-05,0
2014-06-04,0.045
2014-06-03,0.01
2014-06-02,0.031
2014-05-31,0.015
2014-05-30,0.061
2014-05-29,0.035
2014-05-28,0.039
2014-05-27,0.005
2014-05-26,0.059
2014-05-25,0.037
2014-05-24,0.037
2014-05-23,0.032
2014-05-22,0.073
2014-05-21,0.031
2014-05-20,0.035
2014-05-19,0.03
2014-05-17,0.034
2014-05-16,0.064
2014-05-15,0.025
2014-05-14,0.047
2014-05-13,0.047
2014-05-12,0.074
2014-05-09,0.056
2014-05-08,0.072
2014-05-07,0.026
2014-05-06,0.026
2014-05-02,0.025
2014-04-30,-0.005
2014-04-29,0.014
2014-04-28,0.065
2014-04-25,0.079
2014-04-24,0.062
2014-04-23,0.083
2014-04-22,0.078
2014-04-19,0.051
2014-04-17,0.043
2014-04-16,0.06
2014-04-15,0.116
2014-04-14,0.128
2014-04-12,0.129
2014-04-11,0.132
2014-04-10,0.131
2014-04-09,0.109
2014-04-08,0.111
2014-04-07,0.132
2014-04-04,0.127
2014-04-03,0.122
2014-04-02,0.126
2014-04-01,0.128
2014-03-31,0.12
2014-03-28,0.116
2014-03-27,0.128
2014-03-26,0.167
2014-03-25,0.149
2014-03-24,0.19
2014-03-21,0.189
2014-03-20,0.118
2014-03-19,0.123
2014-03-18,0.157
2014-03-17,0.129
2014-03-15,0.139
2014-03-14,0.139
2014-03-13,0.124
2014-03-12,0.136
2014-03-11,0.139
2014-03-10,0.137
2014-03-09,0.152
2014-03-08,0.152
2014-03-07,0.163
2014-03-06,0.122
2014-03-05,0.106
2014-03-04,0.099
2014-03-03,0.082
2014-02-28,0.081
2014-02-27,0.07
2014-02-26,0.082
2014-02-25,0.1
2014-02-24,0.094
2014-02-22,0.088
2014-02-21,0.079
2014-02-20,0.087
2014-02-19,0.087
2014-02-18,0.087
2014-02-17,0.106
2014-02-15,0.101
2014-02-14,0.095
2014-02-13,0.099
2014-02-12,0.1
2014-02-11,0.11
2014-02-10,0.104
2014-02-07,0.112
2014-02-06,0.111
2014-02-05,0.091
2014-02-04,0.093
2014-02-03,0.094
2014-01-31,0.103
2014-01-30,0.107
2014-01-29,0.122
2014-01-28,0.122
2014-01-27,0.116
2014-01-24,0.114
2014-01-23,0.114
2014-01-22,0.077
2014-01-21,0.097
2014-01-20,0.066
2014-01-17,0.086
2014-01-16,0.069
2014-01-15,0.077
2014-01-14,0.065
2014-01-13,0.103
2014-01-11,0.095
2014-01-10,0.088
2014-01-09,0.084
2014-01-08,0.086
2014-01-07,0.075
2014-01-06,0.091
2014-01-04,0.101
2014-01-03,0.09
2014-01-02,0.1
2013-12-30,0.117
2013-12-28,0.117
2013-12-27,0.112
2013-12-25,0.061
2013-12-24,0.061
2013-12-23,0.139
2013-12-21,0.152
2013-12-20,0.148
2013-12-19,0.141
2013-12-18,0.084
2013-12-17,0.124
2013-12-16,0.148
2013-12-14,0.126
2013-12-13,0.126
2013-12-12,0.094
2013-12-11,0.085
2013-12-10,0.106
2013-12-09,0.106
2013-12-07,0.104
2013-12-06,0.105
2013-12-05,0.086
2013-12-04,0.073
2013-12-03,0.076
2013-12-02,0.082
2013-11-29,0.07
2013-11-28,0.067
2013-11-27,0.044
2013-11-26,0.044
2013-11-25,0.051
2013-11-22,0.099
2013-11-21,0.034
2013-11-20,0.074
2013-11-19,0.025
2013-11-18,0.023
2013-11-17,0.038
2013-11-16,0.038
2013-11-15,0.022
2013-11-14,0.033
2013-11-13,0.033
2013-11-12,0.035
2013-11-11,0.031
2013-11-08,0.031
2013-11-07,0.031
2013-11-06,0.031
2013-11-05,0.031
2013-11-04,0.031
2013-11-03,0.034
2013-11-01,0.034
2013-10-31,0.031
2013-10-30,0.011
2013-10-29,0.031
2013-10-28,0.031
2013-10-27,0.023
2013-10-25,0.023
2013-10-24,0.031
2013-10-23,0.041
2013-10-22,0.041
2013-10-21,0.04
2013-10-18,0.041
2013-10-17,0.041
2013-10-16,0.01
2013-10-15,0.014
2013-10-14,0.007
2013-10-11,0.009
2013-10-10,0.01
2013-10-09,0.013
2013-10-08,0.013
2013-10-07,0.059
2013-10-04,0.011
2013-10-03,0.059
2013-10-02,0.007
2013-10-01,0.019
2013-09-30,0.02
2013-09-29,0.018
2013-09-27,0.018
2013-09-26,0.021
2013-09-25,0.01
2013-09-24,0.027
2013-09-23,0.028
2013-09-22,0.027
2013-09-20,0.027
2013-09-19,0.027
2013-09-18,0.04
2013-09-17,0.037
2013-09-16,0.037
2013-09-15,0.014
2013-09-13,0.034
2013-09-12,0.023
2013-09-11,0.007
2013-09-10,0.011
2013-09-09,0.023
2013-09-08,0.007
2013-09-07,0.007
2013-09-06,0.007
2013-09-05,0.011
2013-09-04,0.012
2013-09-03,0.02
2013-09-02,0.019
2013-09-01,0.015
2013-08-30,0.015
2013-08-29,0.015
2013-08-28,0.017
2013-08-27,0.015
2013-08-26,0.055
2013-08-23,0.016
2013-08-22,0.015
2013-08-21,0.015
2013-08-20,0.011
2013-08-19,0.057
2013-08-17,0.03
2013-08-16,0.055
2013-08-15,0.059
2013-08-14,0.041
2013-08-13,0.041
2013-08-12,0.04
2013-08-11,0.023
2013-08-10,0.023
2013-08-09,0.039
2013-08-08,0.039
2013-08-07,0.037
2013-08-06,0.036
2013-08-05,0.041
2013-08-03,0.025
2013-08-02,0.041
2013-08-01,0.04
2013-07-31,0.038
2013-07-30,-0.007
2013-07-29,0.037
2013-07-27,0.014
2013-07-26,0.007
2013-07-25,0.027
2013-07-24,0.026
2013-07-23,0.039
2013-07-22,0.039
2013-07-20,0.009
2013-07-19,0.038
2013-07-18,0.038
2013-07-17,0.041
2013-07-16,0.04
2013-07-15,0.04
2013-07-13,0.012
2013-07-12,0.039
2013-07-11,0.039
2013-07-10,0.026
2013-07-09,-0.007
2013-07-08,0.026
2013-07-05,-0.006
2013-07-04,0.026
2013-07-03,0.005
2013-07-02,0.007
2013-07-01,0.006
2013-06-28,0.005
2013-06-27,0.007
2013-06-26,0.026
2013-06-25,0.034
2013-06-24,0.026
2013-06-23,0.024
2013-06-21,0.023
2013-06-20,0.025
2013-06-19,0.025
2013-06-18,0.018
2013-06-17,0.025
2013-06-16,0.025
2013-06-14,0.025
2013-06-13,0.025
2013-06-12,0.053
2013-06-11,0.058
2013-06-10,0.023
2013-06-08,0.011
2013-06-07,0.056
2013-06-06,0.028
2013-06-05,0.026
2013-06-04,0.026
2013-06-03,0.01
2013-06-01,-0.005
2013-05-31,-0.002
2013-05-30,0.01
2013-05-29,0.038
2013-05-28,0.033
2013-05-27,0.009
2013-05-26,-0.005
2013-05-25,0.069
2013-05-24,0.009
2013-05-23,0.009
2013-05-22,0.009
2013-05-21,0.026
2013-05-20,0.039
2013-05-18,-0.013
2013-05-17,0.025
2013-05-16,0.028
2013-05-15,0.013
2013-05-14,0.013
2013-05-13,0.013
2013-05-11,0.013
2013-05-10,0.002
2013-05-09,0.012
2013-05-08,0.018
2013-05-07,0.017
2013-05-06,0.017
2013-05-04,0.045
2013-05-03,0.017
2013-05-02,0.017
2013-05-01,0.005
2013-04-30,0.016
2013-04-29,0.016
2013-04-27,0.071
2013-04-26,0.015
2013-04-25,-0.003
2013-04-24,-0.003
2013-04-23,0.001
2013-04-22,0.015
2013-04-19,0
2013-04-18,-0.002
2013-04-17,-0.001
2013-04-16,-0.008
2013-04-15,0.013
2013-04-13,0.006
2013-04-12,0.013
2013-04-11,0.012
2013-04-10,0.012
2013-04-09,0.012
2013-04-08,0.011
2013-04-06,0.056
2013-04-05,0.011
2013-04-04,0.011
2013-04-03,0.011
2013-04-02,0.01
2013-03-30,0
2013-03-29,0.01
2013-03-28,0.01
2013-03-27,0.01
2013-03-26,0.009
2013-03-25,0.009
2013-03-23,0.009
2013-03-22,0.009
2013-03-21,0.005
2013-03-20,0.009
2013-03-19,0.009
2013-03-18,0.009
2013-03-17,0.004
2013-03-16,0.004
2013-03-15,0.009
2013-03-14,0.008
2013-03-13,0.004
2013-03-12,0.017
2013-03-11,0.017
2013-03-09,0.068
2013-03-08,0.017
2013-03-07,0.017
2013-03-06,0.016
2013-03-05,0.016
2013-03-04,0.036
2013-03-02,0.015
2013-03-01,0.015
2013-02-28,0.015
2013-02-27,0.014
2013-02-26,0.043
2013-02-25,0.014
2013-02-23,0.014
2013-02-22,0.014
2013-02-21,0.014
2013-02-20,0.04
2013-02-19,0.039
2013-02-18,0.043
2013-02-17,0.047
2013-02-16,0.047
2013-02-15,0.047
2013-02-14,0.046
2013-02-13,0.05
2013-02-12,0.059
2013-02-11,0.05
2013-02-10,0.051
2013-02-09,0.019
2013-02-08,0.051
2013-02-07,0.05
2013-02-06,0.047
2013-02-05,0.052
2013-02-04,0.051
2013-02-02,0.051
2013-02-01,0.062
2013-01-31,0.05
2013-01-30,0.048
2013-01-29,0.052
2013-01-28,0.067
2013-01-26,0.051
2013-01-25,0.051
2013-01-24,0.06
2013-01-23,0.048
2013-01-22,0.052
2013-01-21,0.051
2013-01-19,0.051
2013-01-18,0.06
2013-01-17,0.05
2013-01-16,0.035
2013-01-15,0.035
2013-01-14,0.034
2013-01-13,0.021
2013-01-12,0.021
2013-01-11,0.021
2013-01-10,0.017
2013-01-09,0.018
2013-01-08,0.017
2013-01-07,0.017
2013-01-05,0
2013-01-04,0.017
2013-01-03,0.005
2013-01-02,0.005
2012-12-29,0
2012-12-28,0
2012-12-27,-0.01
2012-12-24,-0.028
2012-12-23,-0.028
2012-12-22,-0.028
2012-12-21,0.005
2012-12-20,0.005
2012-12-19,0.004
2012-12-18,0.004
2012-12-17,0
2012-12-15,-0.025
2012-12-14,0
2012-12-13,-0.004
2012-12-12,-0.004
2012-12-11,0
2012-12-10,0
2012-12-08,-0.02
2012-12-07,0.008
2012-12-06,0.008
2012-12-05,0
2012-12-04,0.094
2012-12-03,0.093
2012-12-01,-0.066
2012-11-30,-0.027
2012-11-29,-0.028
2012-11-28,0.091
2012-11-27,0.095
2012-11-26,0.094
2012-11-24,-0.065
2012-11-23,0.009
2012-11-22,0.009
2012-11-21,0.009
2012-11-20,0.009
2012-11-19,0.009
2012-11-17,-0.021
2012-11-16,0.009
2012-11-15,0.008
2012-11-14,0.008
2012-11-13,0.007
2012-11-12,0.006
2012-11-10,0.006
2012-11-09,0.006
2012-11-08,0.006
2012-11-07,0.006
2012-11-06,0.006
2012-11-05,0.006
2012-11-03,0.141
2012-11-02,0.006
2012-11-01,0.005
2012-10-31,0.005
2012-10-30,0.005
2012-10-29,0.005
2012-10-27,0.112
2012-10-26,0.005
2012-10-25,0.005
2012-10-24,0.005
2012-10-23,0.005
2012-10-22,0.037
2012-10-20,0.088
2012-10-19,0.005
2012-10-18,0.005
2012-10-17,0.004
2012-10-16,0.004
2012-10-15,0.004
2012-10-13,-0.038
2012-10-12,0.004
2012-10-11,0.007
2012-10-10,0.007
2012-10-09,0.007
2012-10-08,0.006
2012-10-06,0.051
2012-10-05,0.006
2012-10-04,0.006
2012-10-03,0.006
2012-10-02,0.041
2012-10-01,0.006
2012-09-29,0.068
2012-09-28,0.006
2012-09-27,-0.065
2012-09-26,0.005
2012-09-25,0.005
2012-09-24,0.005
2012-09-23,0.132
2012-09-22,0.132
2012-09-21,0.005
2012-09-20,0.005
2012-09-19,0.005
2012-09-18,-0.085
2012-09-17,-0.08
2012-09-14,0.005
2012-09-13,-0.076
2012-09-12,-0.074
2012-09-11,-0.077
2012-09-10,-0.08
2012-09-07,-0.079
2012-09-06,-0.081
2012-09-05,0.005
2012-09-04,0.005
2012-09-03,-0.095
2012-08-31,-0.095
2012-08-30,-0.103
2012-08-29,0.005
2012-08-28,-0.097
2012-08-27,-0.098
2012-08-24,-0.099
2012-08-23,-0.1
2012-08-22,-0.102
2012-08-21,-0.099
2012-08-20,-0.094
2012-08-17,-0.093
2012-08-16,0.007
2012-08-15,0.007
2012-08-14,0.007
2012-08-13,0.006
2012-08-11,-0.013
2012-08-10,0.082
2012-08-09,0.006
2012-08-08,0.006
2012-08-07,0.006
2012-08-06,0.006
2012-08-05,0.124
2012-08-04,0.124
2012-08-03,0.006
2012-08-02,0.061
2012-08-01,0.001
2012-07-31,-0.002
2012-07-30,-0.171
2012-07-27,0.001
2012-07-26,0.01
2012-07-25,-0.142
2012-07-24,0.004
2012-07-23,0.011
2012-07-20,0.023
2012-07-19,0.024
2012-07-18,0.022
2012-07-17,0.027
2012-07-16,0.031
2012-07-13,0.035
2012-07-12,-0.069
2012-07-11,0.012
2012-07-10,0.012
2012-07-09,0.011
2012-07-08,0.011
2012-07-07,0.011
2012-07-06,0.011
2012-07-05,0.017
2012-07-04,0.016
2012-07-03,0.016
2012-07-02,0.015
2012-07-01,0.015
2012-06-29,0.015
2012-06-28,0.015
2012-06-27,0.014
2012-06-26,0.014
2012-06-25,0.023
2012-06-22,0.023
2012-06-21,0.023
2012-06-20,0.026
2012-06-19,0.026
2012-06-18,0.043
2012-06-15,0.042
2012-06-14,0.023
2012-06-13,0.047
2012-06-12,0.041
2012-06-11,0.046
2012-06-08,0.05
2012-06-07,0.064
2012-06-06,0.024
2012-06-05,0.012
2012-06-04,0.004
2012-06-01,0.046
2012-05-31,0.019
2012-05-30,0.021
2012-05-29,0.026
2012-05-28,0.027
2012-05-26,0.025
2012-05-25,0.026
2012-05-24,0.025
2012-05-23,0.014
2012-05-22,0.014
2012-05-21,0.014
2012-05-18,0.047
2012-05-17,0.009
2012-05-16,0.046
2012-05-15,0.012
2012-05-14,0.052
2012-05-12,0.055
2012-05-11,0.016
2012-05-10,0.015
2012-05-09,0.006
2012-05-08,0.005
2012-05-07,0.002
2012-05-06,0.038
2012-05-05,0.038
2012-05-04,0.003
2012-05-03,0.011
2012-05-02,-0.004
2012-05-01,-0.003
2012-04-30,-0.002
2012-04-28,0.011
2012-04-27,0.01
2012-04-26,0.008
2012-04-25,0.012
2012-04-24,0.01
2012-04-23,0.023
2012-04-21,0.019
2012-04-20,0.026
2012-04-19,0.028
2012-04-18,0.031
2012-04-17,0.029
2012-04-16,0.029
2012-04-14,0.088
2012-04-13,0.076
2012-04-12,0.038
2012-04-11,0.038
2012-04-10,0.045
2012-04-09,0.104
2012-04-08,0.104
2012-04-07,0.104
2012-04-06,0.104
2012-04-05,0.045
2012-04-04,0.042
2012-04-03,0.052
2012-04-02,0.046
2012-03-31,0.041
2012-03-30,0.055
2012-03-29,0.056
2012-03-28,0.057
2012-03-27,0.057
2012-03-26,0.06
2012-03-25,0.04
2012-03-24,0.04
2012-03-23,0.069
2012-03-22,0.038
2012-03-21,0.079
2012-03-20,0.064
2012-03-19,0.069
2012-03-17,0.059
2012-03-16,0.081
2012-03-15,0.064
2012-03-14,0.064
2012-03-13,0.058
2012-03-12,0.053
2012-03-10,0.042
2012-03-09,0.054
2012-03-08,0.045
2012-03-07,0.041
2012-03-06,0.006
2012-03-05,0.054
2012-03-03,0.007
2012-03-02,0.185
2012-03-01,0.057
2012-02-29,0.05
2012-02-28,0.058
2012-02-27,0.197
2012-02-25,0.065
2012-02-24,0.065
2012-02-23,0.052
2012-02-22,0.053
2012-02-21,0.055
2012-02-20,0.064
2012-02-19,0.068
2012-02-17,0.07
2012-02-16,0.194
2012-02-15,0.033
2012-02-14,0.031
2012-02-13,0.118
2012-02-10,0.036
2012-02-09,0.171
2012-02-08,0.032
2012-02-07,0.031
2012-02-06,0.122
2012-02-03,0.01
2012-02-02,0.017
2012-02-01,0.029
2012-01-31,0.035
2012-01-30,0.036
2012-01-27,0.023
2012-01-26,0.053
2012-01-25,0.02
2012-01-24,0.073
2012-01-23,0.075
2012-01-20,0.001
2012-01-19,-0.045
2012-01-18,0.024
2012-01-17,0.025
2012-01-16,0.017
2012-01-13,0.027
2012-01-12,-0.041
2012-01-11,-0.076
2012-01-10,-0.082
2012-01-09,-0.078
2012-01-06,-0.205
2012-01-05,-0.196
2012-01-04,-0.183
2012-01-03,-0.179
2012-01-02,-0.177
2011-12-30,-0.087
2011-12-29,-0.18
2011-12-28,-0.144
2011-12-27,-0.138
2011-12-23,-0.087
2011-12-22,-0.064
2011-12-21,-0.066
2011-12-20,-0.011
2011-12-19,-0.039
2011-12-16,0.005
2011-12-15,0.001
2011-12-14,-0.051
2011-12-13,0.004
2011-12-12,-0.004
2011-12-09,0.056
2011-12-08,0.044
2011-12-07,0.016
2011-12-06,0.026
2011-12-05,0.026
2011-12-02,0.03
2011-12-01,0.02
2011-11-30,-0.034
2011-11-29,0.014
2011-11-28,0.019
2011-11-25,0.088
2011-11-24,0.087
2011-11-23,0.066
2011-11-22,0.074
2011-11-21,0.09
2011-11-18,0.064
2011-11-17,0.092
2011-11-16,0.089
2011-11-15,0.056
2011-11-14,0.131
2011-11-11,0.078
2011-11-10,0.101
2011-11-09,0.12
2011-11-08,0.093
2011-11-07,0.091
2011-11-04,0.084
2011-11-03,0.083
2011-11-02,0.346
2011-11-01,0.214
2011-10-31,0.262
2011-10-28,0.279
2011-10-27,0.285
2011-10-26,0.274
2011-10-25,0.265
2011-10-24,0.281
2011-10-21,0.286
2011-10-20,0.292
2011-10-19,0.281
2011-10-18,0.269
2011-10-17,0.266
2011-10-14,0.275
2011-10-13,0.264
2011-10-12,0.373
2011-10-11,0.393
2011-10-10,0.373
2011-10-07,0.379
2011-10-06,0.36
2011-10-05,0.248
2011-10-04,0.285
2011-10-03,0.263
2011-09-30,0.248
2011-09-29,0.238
2011-09-28,0.275
2011-09-27,0.245
2011-09-26,0.226
2011-09-23,0.15
2011-09-22,0.262
2011-09-21,0.274
2011-09-20,0.303
2011-09-19,0.304
2011-09-16,0.319
2011-09-15,0.382
2011-09-14,0.277
2011-09-13,0.252
2011-09-12,0.276
2011-09-09,0.316
2011-09-08,0.564
2011-09-07,0.533
2011-09-06,0.319
2011-09-05,0.349
2011-09-02,0.394
2011-09-01,0.432
2011-08-31,0.435
2011-08-30,0.433
2011-08-29,0.422
2011-08-26,0.421
2011-08-25,0.43
2011-08-24,0.437
2011-08-23,0.604
2011-08-22,0.755
2011-08-19,0.674
2011-08-18,0.397
2011-08-17,0.431
2011-08-16,0.443
2011-08-15,0.425
2011-08-12,0.613
2011-08-11,0.603
2011-08-10,0.402
2011-08-09,0.477
2011-08-08,0.509
2011-08-05,0.557
2011-08-04,0.593
2011-08-03,0.955
2011-08-02,0.679
2011-08-01,0.737
2011-07-29,1.011
2011-07-28,0.756
2011-07-27,1
2011-07-26,1.097
2011-07-25,0.914
2011-07-22,0.925
2011-07-21,0.918
2011-07-20,0.889
2011-07-19,0.908
2011-07-18,0.932
2011-07-15,1.151
2011-07-14,0.915
2011-07-13,0.953
2011-07-12,0.954
2011-07-11,0.99
2011-07-08,1.009
2011-07-07,1.004
2011-07-06,0.981
2011-07-05,0.993
2011-07-04,1.005
2011-07-01,1.001
2011-06-30,1.047
2011-06-29,1.058
2011-06-28,1.106
2011-06-27,1.073
2011-06-24,1.069
2011-06-23,1.069
2011-06-22,1.047
2011-06-21,1.131
2011-06-20,1.147
2011-06-17,1.147
2011-06-16,1.058
2011-06-15,1.12
2011-06-14,1.056
2011-06-13,1.004
2011-06-10,0.987
2011-06-09,1.001
2011-06-08,0.987
2011-06-07,0.96
2011-06-06,0.922
2011-06-03,0.89
2011-06-02,0.877
2011-06-01,0.87
2011-05-31,0.873
2011-05-30,0.86
2011-05-27,0.853
2011-05-26,0.872
2011-05-25,0.89
2011-05-24,0.911
2011-05-23,0.899
2011-05-20,0.943
2011-05-19,0.95
2011-05-18,0.915
2011-05-17,0.895
2011-05-16,0.919
2011-05-13,0.921
2011-05-12,0.877
2011-05-11,0.756
2011-05-10,0.773
2011-05-09,0.813
2011-05-06,0.8
2011-05-05,0.776
2011-05-04,0.843
2011-05-03,0.826
2011-05-02,0.845
2011-04-29,0.843
2011-04-28,0.846
2011-04-27,0.846
2011-04-26,0.807
2011-04-21,0.82
2011-04-20,0.818
2011-04-19,0.817
2011-04-18,0.728
2011-04-15,0.793
2011-04-14,0.77
2011-04-13,0.794
2011-04-12,0.786
2011-04-11,0.805
2011-04-08,0.816
2011-04-07,0.708
2011-04-06,0.655
2011-04-05,0.646
2011-04-04,0.638
2011-04-01,0.701
2011-03-31,0.711
2011-03-30,0.73
2011-03-29,0.738
2011-03-28,0.738
2011-03-25,0.729
2011-03-24,0.729
2011-03-23,0.659
2011-03-22,0.683
2011-03-21,0.655
2011-03-18,0.627
2011-03-17,0.622
2011-03-16,0.594
2011-03-15,0.59
2011-03-14,0.618
2011-03-11,0.582
2011-03-10,0.59
2011-03-09,0.614
2011-03-08,0.628
2011-03-07,0.658
2011-03-04,0.648
2011-03-03,0.654
2011-03-02,0.535
2011-03-01,0.533
2011-02-28,0.52
2011-02-25,0.518
2011-02-24,0.521
2011-02-23,0.514
2011-02-22,0.517
2011-02-21,0.581
2011-02-18,0.541
2011-02-17,0.557
2011-02-16,0.572
2011-02-15,0.586
2011-02-14,0.592
2011-02-11,0.607
2011-02-10,0.621
2011-02-09,0.679
2011-02-08,0.674
2011-02-07,0.584
2011-02-04,0.625
2011-02-03,0.615
2011-02-02,0.588
2011-02-01,0.627
2011-01-31,0.654
2011-01-28,0.645
2011-01-27,0.616
2011-01-26,0.586
2011-01-25,0.626
2011-01-24,0.52
2011-01-21,0.513
2011-01-20,0.511
2011-01-19,0.448
2011-01-18,0.486
2011-01-17,0.451
2011-01-14,0.428
2011-01-13,0.402
2011-01-12,0.348
2011-01-11,0.44
2011-01-10,0.309
2011-01-07,0.293
2011-01-06,0.294
2011-01-05,0.291
2011-01-04,0.298
2011-01-03,0.293
2010-12-30,0.29
2010-12-29,0.298
2010-12-28,0.284
2010-12-27,0.285
2010-12-23,0.283
2010-12-22,0.286
2010-12-21,0.369
2010-12-20,0.407
2010-12-17,0.322
2010-12-16,0.406
2010-12-15,0.401
2010-12-14,0.404
2010-12-13,0.412
2010-12-10,0.419
2010-12-09,0.453
2010-12-08,0.428
2010-12-07,0.447
2010-12-06,0.458
2010-12-03,0.439
2010-12-02,0.427
2010-12-01,0.435
2010-11-30,0.423
2010-11-29,0.448
2010-11-26,0.442
2010-11-25,0.536
2010-11-24,0.538
2010-11-23,0.555
2010-11-22,0.585
2010-11-19,0.591
2010-11-18,0.57
2010-11-17,0.607
2010-11-16,0.638
2010-11-15,0.605
2010-11-12,0.619
2010-11-11,0.621
2010-11-10,0.648
2010-11-09,0.604
2010-11-08,0.612
2010-11-05,0.636
2010-11-04,0.593
2010-11-03,0.625
2010-11-02,0.58
2010-11-01,0.582
2010-10-29,0.635
2010-10-28,0.601
2010-10-27,0.596
2010-10-26,0.626
2010-10-25,0.599
2010-10-22,0.531
2010-10-21,0.525
2010-10-20,0.615
2010-10-19,0.595
2010-10-18,0.579
2010-10-15,0.526
2010-10-14,0.438
2010-10-13,0.48
2010-10-12,0.504
2010-10-11,0.521
2010-10-08,0.449
2010-10-07,0.522
2010-10-06,0.502
2010-10-05,0.506
2010-10-04,0.498
2010-10-01,0.535
2010-09-30,0.493
2010-09-29,0.387
2010-09-28,0.366
2010-09-27,0.324
2010-09-24,0.355
2010-09-23,0.335
2010-09-22,0.303
2010-09-21,0.341
2010-09-20,0.337
2010-09-17,0.346
2010-09-16,0.318
2010-09-15,0.294
2010-09-13,0.27
2010-09-10,0.272
2010-09-09,0.273
2010-09-08,0.272
2010-09-07,0.273
2010-09-06,0.269
2010-09-03,0.27
2010-09-02,0.271
2010-09-01,0.275
2010-08-31,0.261
2010-08-30,0.262
2010-08-27,0.254
2010-08-26,0.25
2010-08-25,0.25
2010-08-24,0.256
2010-08-23,0.253
2010-08-20,0.249
2010-08-19,0.278
2010-08-18,0.268
2010-08-17,0.278
2010-08-16,0.275
2010-08-13,0.275
2010-08-12,0.226
2010-08-11,0.263
2010-08-10,0.267
2010-08-09,0.292
2010-08-06,0.304
2010-08-05,0.305
2010-08-04,0.35
2010-08-03,0.345
2010-08-02,0.329
2010-07-30,0.274
2010-07-29,0.285
2010-07-28,0.298
2010-07-27,0.308
2010-07-26,0.299
2010-07-23,0.305
2010-07-22,0.26
2010-07-21,0.272
2010-07-20,0.339
2010-07-19,0.39
2010-07-16,0.259
2010-07-15,0.248
2010-07-14,0.242
2010-07-13,0.244
2010-07-12,0.234
2010-07-09,0.27
2010-07-08,0.305
2010-07-07,0.265
2010-07-06,0.292
2010-07-05,0.185
2010-07-02,0.183
2010-07-01,0.2
2010-06-30,0.206
2010-06-29,0.251
2010-06-28,0.192
2010-06-25,0.277
2010-06-24,0.264
2010-06-23,0.193
2010-06-22,0.204
2010-06-21,0.253
2010-06-18,0.169
2010-06-17,0.163
2010-06-16,0.214
2010-06-15,0.16
2010-06-14,0.174
2010-06-11,0.183
2010-06-10,0.18
2010-06-09,0.183
2010-06-08,0.198
2010-06-07,0.206
2010-06-04,0.208
2010-06-03,0.211
2010-06-02,0.201
2010-06-01,0.198
2010-05-31,0.196
2010-05-28,0.198
2010-05-27,0.195
2010-05-26,0.197
2010-05-25,0.199
2010-05-24,0.211
2010-05-21,0.208
2010-05-20,0.205
2010-05-19,0.206
2010-05-18,0.169
2010-05-17,0.193
2010-05-14,0.186
2010-05-13,0.184
2010-05-12,0.194
2010-05-11,0.2
2010-05-10,0.194
2010-05-07,0.203
2010-05-06,0.194
2010-05-05,0.196
2010-05-04,0.204
2010-05-03,0.242
2010-04-30,0.243
2010-04-29,0.205
2010-04-28,0.245
2010-04-27,0.232
2010-04-26,0.225
2010-04-23,0.277
2010-04-22,0.251
2010-04-21,0.233
2010-04-20,0.152
2010-04-19,0.197
2010-04-16,0.191
2010-04-15,0.193
2010-04-14,0.186
2010-04-13,0.29
2010-04-12,0.292
2010-04-09,0.31
2010-04-08,0.31
2010-04-07,0.313
2010-04-06,0.319
2010-04-01,0.319
2010-03-31,0.325
2010-03-30,0.327
2010-03-29,0.327
2010-03-26,0.328
2010-03-25,0.319
2010-03-24,0.321
2010-03-23,0.321
2010-03-22,0.287
2010-03-19,0.288
2010-03-18,0.282
2010-03-17,0.287
2010-03-16,0.229
2010-03-15,0.283
2010-03-12,0.284
2010-03-11,0.304
2010-03-10,0.242
2010-03-09,0.244
2010-03-08,0.246
2010-03-05,0.231
2010-03-04,0.238
2010-03-03,0.238
2010-03-02,0.235
2010-03-01,0.242
2010-02-26,0.238
2010-02-25,0.235
2010-02-24,0.283
2010-02-23,0.286
2010-02-22,0.27
2010-02-19,0.282
2010-02-18,0.283
2010-02-17,0.281
2010-02-16,0.291
2010-02-15,0.302
2010-02-12,0.271
2010-02-11,0.273
2010-02-10,0.28
2010-02-09,0.284
2010-02-08,0.274
2010-02-05,0.289
2010-02-04,0.29
2010-02-03,0.26
2010-02-02,0.287
2010-02-01,0.284
2010-01-29,0.274
2010-01-28,0.273
2010-01-27,0.279
2010-01-26,0.251
2010-01-25,0.27
2010-01-22,0.263
2010-01-21,0.278
2010-01-20,0.278
2010-01-19,0.278
2010-01-18,0.275
2010-01-15,0.284
2010-01-14,0.302
2010-01-13,0.254
2010-01-12,0.285
2010-01-11,0.286
2010-01-07,0.288
2010-01-06,0.307
2010-01-05,0.319
2010-01-04,0.319
2009-12-30,0.32
2009-12-28,0.313
2009-12-23,0.278
2009-12-22,0.243
2009-12-21,0.326
2009-12-17,0.327
2009-12-16,0.332
2009-12-15,0.348
2009-12-14,0.345
2009-12-11,0.306
2009-12-10,0.325
2009-12-09,0.365
2009-12-08,0.353
2009-12-07,0.355
2009-12-04,0.355
2009-12-03,0.365
2009-12-02,0.399
2009-12-01,0.398
2009-11-30,0.393
2009-11-27,0.383
2009-11-26,0.401
2009-11-25,0.413
2009-11-24,0.426
2009-11-23,0.429
2009-11-20,0.432
2009-11-19,0.427
2009-11-18,0.429
2009-11-17,0.424
2009-11-16,0.335
2009-11-13,0.329
2009-11-12,0.335
2009-11-11,0.337
2009-11-10,0.337
2009-11-09,0.337
2009-11-06,0.343
2009-11-05,0.349
2009-11-04,0.36
2009-11-02,0.34
2009-10-30,0.34
2009-10-29,0.33
2009-10-28,0.341
2009-10-27,0.356
2009-10-26,0.36
2009-10-23,0.37
2009-10-22,0.365
2009-10-21,0.369
2009-10-20,0.373
2009-10-19,0.369
2009-10-16,0.377
2009-10-15,0.398
2009-10-14,0.397
2009-10-13,0.4
2009-10-12,0.373
2009-10-09,0.392
2009-10-08,0.379
2009-10-07,0.39
2009-10-06,0.372
2009-10-05,0.349
2009-10-02,0.349
2009-10-01,0.349
2009-09-24,0.355
2009-09-23,0.356
2009-09-22,0.334
2009-09-21,0.354
2009-09-09,0.334
2009-09-08,0.334
2009-09-07,0.329
2009-09-04,0.381
2009-09-03,0.37
2009-09-02,0.312
2009-09-01,0.379
2009-08-31,0.384
2009-08-28,0.356
2009-08-27,0.356
2009-08-26,0.365
2009-08-25,0.369
2009-08-24,0.395
2009-08-21,0.382
2009-08-20,0.386
2009-08-19,0.332
2009-08-18,0.321
2009-08-17,0.328
2009-08-14,0.303
2009-08-13,0.31
2009-08-12,0.337
2009-08-11,0.337
2009-08-10,0.337
2009-08-07,0.338
2009-08-06,0.338
2009-08-05,0.35
2009-08-04,0.308
2009-08-03,0.304
2009-07-31,0.32
2009-07-30,0.32
2009-07-29,0.322
2009-07-28,0.327
2009-07-24,0.323
2009-07-22,0.352
2009-07-21,0.347
2009-07-20,0.343
2009-07-17,0.382
2009-07-15,0.405
2009-07-14,0.4
2009-07-13,0.421
2009-07-10,0.416
2009-07-09,0.41
2009-07-08,0.44
2009-07-07,0.478
2009-07-06,0.472
2009-07-03,0.509
2009-07-02,0.587
2009-06-30,0.761
2009-06-29,0.674
2009-06-25,0.62
2009-06-24,0.714
2009-06-23,0.706
2009-06-22,0.629
2009-06-19,0.636
2009-06-18,0.61
2009-06-17,0.7
2009-06-16,0.7
2009-06-15,0.706
2009-06-12,0.711
2009-06-11,0.741
2009-06-10,0.769
2009-06-09,0.83
2009-06-08,0.843
2009-06-05,0.832
2009-06-04,0.817
2009-06-03,0.77
2009-06-02,0.747
2009-06-01,0.73
2009-05-29,0.721
2009-05-28,0.759
2009-05-27,0.79
2009-05-26,0.785
2009-05-25,0.765
2009-05-22,0.749
2009-05-21,0.737
2009-05-20,0.714
2009-05-19,0.706
2009-05-18,0.662
2009-05-15,0.618
2009-05-14,0.594
2009-05-13,0.601
2009-05-12,0.63
2009-05-11,0.636
2009-05-08,0.641
2009-05-07,0.628
2009-05-06,0.685
2009-05-05,0.655
2009-05-04,0.669
2009-04-30,0.687
2009-04-29,0.679
2009-04-28,0.688
2009-04-27,0.725
2009-04-24,0.737
2009-04-23,0.761
2009-04-22,0.818
2009-04-21,0.785
2009-04-20,0.818
2009-04-17,0.825
2009-04-16,0.784
2009-04-15,0.758
2009-04-14,0.771
2009-04-09,0.749
2009-04-08,0.756
2009-04-07,0.759
2009-04-06,0.748
2009-04-03,0.633
2009-04-02,0.635
2009-04-01,0.576
2009-03-31,0.572
2009-03-30,0.583
2009-03-27,0.595
2009-03-26,0.591
2009-03-25,0.616
2009-03-24,0.607
2009-03-18,0.641
2009-03-17,0.628
2009-03-16,0.763
2009-03-13,0.768
2009-03-12,0.78
2009-03-11,0.842
2009-03-10,0.789
2009-03-09,0.788
2009-03-06,0.786
2009-03-05,0.803
2009-03-04,0.846
2009-03-03,0.846
2009-03-02,0.881
2009-02-27,0.822
2009-02-26,0.831
2009-02-25,0.88
2009-02-24,0.868
2009-02-23,0.91
2009-02-20,0.893
2009-02-19,0.928
2009-02-18,0.995
2009-02-17,0.946
2009-02-16,1.181
2009-02-13,0.973
2009-02-12,0.958
2009-02-11,1.054
2009-02-10,1.236
2009-02-09,1.197
2009-02-06,1.206
2009-02-05,1.291
2009-02-04,1.364
2009-02-03,1.338
2009-02-02,1.368
2009-01-30,1.379
2009-01-29,1.366
2009-01-28,1.284
2009-01-27,1.294
2009-01-26,1.27
2009-01-23,1.247
2009-01-22,1.27
2009-01-21,1.348
2009-01-20,1.38
2009-01-19,1.417
2009-01-16,1.382
2009-01-15,1.402
2009-01-14,1.492
2009-01-13,1.404
2009-01-12,1.505
2009-01-09,1.524
2009-01-08,1.613
2009-01-07,1.672
2009-01-06,1.678
2009-01-05,1.68
2009-01-02,1.677
2008-12-30,1.736
2008-12-29,1.676
2008-12-23,1.663
2008-12-22,1.775
2008-12-19,1.691
2008-12-18,1.731
2008-12-17,2.116
2008-12-16,2.118
2008-12-15,2.123
2008-12-12,2.116
2008-12-11,2.121
2008-12-10,2.18
2008-12-09,2.195
2008-12-08,2.153
2008-12-05,2.138
2008-12-04,2.118
2008-12-03,2.164
2008-12-02,2.15
2008-12-01,2.184
2008-11-28,2.165
2008-11-27,2.194
2008-11-26,2.285
2008-11-25,2.25
2008-11-24,2.228
2008-11-21,2.227
2008-11-20,2.222
2008-11-19,2.421
2008-11-18,2.429
2008-11-17,2.174
2008-11-14,2.2
2008-11-13,2.199
2008-11-12,2.286
2008-11-11,2.239
2008-11-10,2.291
2008-11-07,2.306
2008-11-06,2.287
2008-11-05,2.453
2008-11-04,2.42
2008-11-03,2.403
2008-10-31,2.403
2008-10-30,2.036
2008-10-29,2.001
2008-10-28,2.073
2008-10-27,2.046
2008-10-24,2.113
2008-10-23,2.18
2008-10-22,2.336
2008-10-21,2.339
2008-10-20,2.618
2008-10-17,2.626
2008-10-16,2.437
2008-10-15,2.595
2008-10-14,2.967
2008-10-13,2.589
2008-10-10,2.452
2008-10-09,2.67
2008-10-08,2.799
2008-10-07,3.007
2008-10-06,2.947
2008-10-03,3.276
2008-10-02,3.76
2008-10-01,3.276
2008-09-30,3.249
2008-09-29,3.779
2008-09-26,3.886
2008-09-25,4.007
2008-09-24,4.134
2008-09-23,4.051
2008-09-22,4.061
2008-09-19,4.056
2008-09-18,3.91
2008-09-17,4.278
2008-09-16,4.202
2008-09-15,4.27
2008-09-12,4.324
2008-09-11,4.319
2008-09-09,4.323
2008-09-08,4.314
2008-09-05,4.336
2008-09-04,4.337
2008-09-03,4.459
2008-09-02,4.335
2008-09-01,4.331
2008-08-29,4.332
2008-08-28,4.328
2008-08-27,4.44
2008-08-26,4.34
2008-08-25,4.346
2008-08-22,4.342
2008-08-21,4.343
2008-08-20,4.446
2008-08-19,4.358
2008-08-18,4.326
2008-08-15,4.323
2008-08-14,4.328
2008-08-13,4.42
2008-08-12,4.328
2008-08-11,4.276
2008-08-08,4.278
2008-08-07,4.279
2008-08-06,4.422
2008-08-05,4.291
2008-08-04,4.292
2008-08-01,4.289
2008-07-31,4.285
2008-07-30,4.228
2008-07-29,4.281
2008-07-28,4.278
2008-07-25,4.284
2008-07-24,4.286
2008-07-23,4.412
2008-07-22,4.291
2008-07-21,4.288
2008-07-18,4.259
2008-07-17,4.231
2008-07-16,4.335
2008-07-14,4.305
2008-07-11,4.26
2008-07-10,4.291
2008-07-09,4.377
2008-07-08,4.296
2008-07-07,4.255
2008-07-04,4.262
2008-07-03,4.254
2008-07-02,4.419
2008-07-01,4.247
2008-06-30,4.234
2008-06-27,4.217
2008-06-26,4.253
2008-06-25,4.398
2008-06-24,4.255
2008-06-23,4.248
2008-06-20,4.246
2008-06-19,4.209
2008-06-18,4.245
2008-06-17,4.164
2008-06-16,4.236
2008-06-13,4.132
2008-06-11,4.118
2008-06-10,4.105
2008-06-09,4.098
2008-06-06,4.091
2008-06-05,4.095
2008-06-04,4.006
2008-06-03,3.974
2008-06-02,3.944
2008-05-30,3.929
2008-05-29,3.931
2008-05-28,3.92
2008-05-23,3.938
2008-05-22,3.94
2008-05-21,3.93
2008-05-20,3.924
2008-05-19,3.991
2008-05-16,3.991
2008-05-15,4.143
2008-05-14,3.999
2008-05-13,3.922
2008-05-08,3.938
2008-05-07,3.936
2008-05-06,4.091
2008-05-05,4.085
2008-05-02,4.084
2008-04-28,4.094
2008-04-25,4.093
2008-04-24,4.088
2008-04-23,4.081
2008-04-22,4.102
2008-04-21,4.023
2008-04-18,4.019
2008-04-16,4.005
2008-04-15,4.005
2008-04-14,4.005
2008-04-11,4.005
2008-04-10,4.005
2008-04-09,4.001
2008-04-08,3.991
2008-04-07,3.991
2008-04-04,4.007
2008-04-03,4.012
2008-04-02,4.013
2008-04-01,4.013
2008-03-31,3.989
2008-03-28,3.791
2008-03-27,3.5
2008-03-26,3.489
2008-03-25,3.478
2008-03-20,3.866
2008-03-17,3.88
2008-03-14,3.871
2008-03-13,3.904
2008-03-12,3.895
2008-03-11,3.897
2008-03-10,3.893
2008-03-07,3.9
2008-03-06,3.891
2008-03-05,3.861
2008-03-03,3.853
2008-02-29,3.869
2008-02-28,3.875
2008-02-27,3.882
2008-02-26,3.875
2008-02-25,3.881
2008-02-22,3.874
2008-02-21,3.867
2008-02-20,3.859
2008-02-18,3.853
2008-02-15,3.851
2008-02-14,3.845
2008-02-13,3.84
2008-02-12,3.889
2008-02-11,3.868
2008-02-08,3.865
2008-02-07,3.893
2008-02-06,3.89
2008-02-05,3.954
2008-02-01,3.934
2008-01-31,4.058
2008-01-30,3.954
2008-01-29,3.955
2008-01-28,3.956
2008-01-25,3.971
2008-01-24,3.976
2008-01-23,3.907
2008-01-22,3.952
2008-01-21,3.944
2008-01-18,3.928
2008-01-17,4.032
2008-01-16,3.958
2008-01-15,3.963
2008-01-14,4.022
2008-01-11,4.141
2008-01-10,4.265
2008-01-09,4.123
2008-01-08,3.98
2008-01-07,3.965
2008-01-04,3.95
2008-01-03,4.002
2008-01-02,4.002
2007-12-28,3.785
2007-12-27,3.842
2007-12-21,3.833
2007-12-20,3.904
2007-12-19,3.863
2007-12-18,3.889
2007-12-17,3.948
2007-12-14,3.957
2007-12-13,4.032
2007-12-12,3.937
2007-12-11,3.905
2007-12-10,3.93
2007-12-07,3.954
2007-12-06,4.078
2007-12-05,3.968
2007-12-04,3.969
2007-12-03,3.959
2007-11-30,3.95
2007-11-29,4.063
2007-11-28,3.978
2007-11-27,3.989
2007-11-26,3.984
2007-11-23,4.027
2007-11-22,4.083
2007-11-21,3.992
2007-11-20,3.997
2007-11-19,3.993
2007-11-16,3.997
2007-11-15,4.087
2007-11-14,3.987
2007-11-13,3.991
2007-11-12,3.947
2007-11-09,3.937
2007-11-08,4.034
2007-11-07,3.947
2007-11-06,3.937
2007-11-05,3.928
2007-11-02,3.914
2007-11-01,4.032
2007-10-31,3.92
2007-10-30,3.916
2007-10-29,3.946
2007-10-26,3.943
2007-10-25,4.036
2007-10-24,3.942
2007-10-23,3.93
2007-10-22,3.931
2007-10-19,3.933
2007-10-18,3.998
2007-10-17,3.851
2007-10-16,3.926
2007-10-15,3.92
2007-10-12,3.915
2007-10-11,4.011
2007-10-10,3.915
2007-10-09,3.899
2007-10-08,3.883
2007-10-05,3.851
2007-10-04,3.82
2007-10-03,3.861
2007-10-02,3.921
2007-10-01,3.881
2007-09-28,3.868
2007-09-27,3.992
2007-09-26,3.876
2007-09-25,3.883
2007-09-24,3.885
2007-09-21,3.886
2007-09-20,3.981
2007-09-19,3.884
2007-09-18,3.939
2007-09-17,3.944
2007-09-14,3.898
2007-09-13,4.049
2007-09-12,3.933
2007-09-11,3.975
2007-09-10,3.97
2007-09-07,3.977
2007-09-06,4.118
2007-09-05,4.022
2007-09-04,4.001
2007-09-03,3.986
2007-08-31,3.914
2007-08-30,4.103
2007-08-29,4.103
2007-08-28,3.984
2007-08-27,4.008
2007-08-24,4.027
2007-08-23,4.101
2007-08-22,4.032
2007-08-21,4.049
2007-08-20,4.01
2007-08-17,4.006
2007-08-16,4.152
2007-08-15,4.044
2007-08-14,4.061
2007-08-13,4.103
2007-08-10,4.131
2007-08-09,4.247
2007-08-08,4.247
2007-08-07,4.102
2007-08-06,4.111
2007-08-03,4.104
2007-08-02,4.185
2007-08-01,4.185
2007-07-31,4.09
2007-07-30,4.089
2007-07-27,4.083
2007-07-26,4.176
2007-07-25,4.085
2007-07-24,4.08
2007-07-23,4.058
2007-07-20,4.071
2007-07-19,4.147
2007-07-18,4.044
2007-07-17,4.064
2007-07-16,4.076
2007-07-13,4.075
2007-07-12,4.199
2007-07-11,4.199
2007-07-10,4.058
2007-07-09,4.04
2007-07-06,4.056
2007-07-05,4.056
2007-07-04,4.168
2007-07-03,4.049
2007-07-02,4.059
2007-06-29,4.043
2007-06-28,4.169
2007-06-27,4.056
2007-06-26,4.042
2007-06-25,4.06
2007-06-22,4.051
2007-06-21,4.139
2007-06-20,4.139
2007-06-19,4.027
2007-06-18,4.023
2007-06-15,4.041
2007-06-14,4.126
2007-06-13,4.036
2007-06-12,4.058
2007-06-11,4.051
2007-06-08,4.045
2007-06-07,4.152
2007-06-06,4.152
2007-06-05,4.022
2007-06-04,4.027
2007-06-01,4.027
2007-05-31,4.129
2007-05-30,4.129
2007-05-29,4.003
2007-05-25,4.004
2007-05-24,4.097
2007-05-23,4.097
2007-05-22,3.992
2007-05-21,3.971
2007-05-18,3.971
2007-05-17,4.062
2007-05-16,4.062
2007-05-15,3.922
2007-05-14,3.912
2007-05-11,3.902
2007-05-10,4.005
2007-05-09,4.005
2007-05-08,3.89
2007-05-07,3.881
2007-05-04,3.878
2007-05-03,3.966
2007-05-02,3.966
2007-04-30,3.878
2007-04-27,3.913
2007-04-26,3.962
2007-04-25,3.866
2007-04-24,3.86
2007-04-23,3.862
2007-04-20,3.885
2007-04-19,3.942
2007-04-18,3.859
2007-04-17,3.832
2007-04-16,3.815
2007-04-13,3.812
2007-04-12,3.954
2007-04-11,3.954
2007-04-10,3.816
2007-04-05,3.82
2007-04-04,4.056
2007-04-03,4.056
2007-04-02,3.803
2007-03-30,3.811
2007-03-29,3.921
2007-03-28,3.812
2007-03-27,3.81
2007-03-26,3.818
2007-03-23,3.806
2007-03-22,3.907
2007-03-21,3.804
2007-03-20,3.789
2007-03-19,3.787
2007-03-16,3.773
2007-03-15,3.887
2007-03-14,3.781
2007-03-13,3.721
2007-03-12,3.703
2007-03-09,3.719
2007-03-08,3.705
2007-03-07,3.699
2007-03-06,3.688
2007-03-05,3.688
2007-03-02,3.702
2007-03-01,3.695
2007-02-28,3.676
2007-02-27,3.68
2007-02-26,3.76
2007-02-23,3.698
2007-02-22,3.67
2007-02-21,3.692
2007-02-20,3.674
2007-02-19,3.674
2007-02-16,3.644
2007-02-15,3.632
2007-02-14,3.661
2007-02-13,3.64
2007-02-12,3.623
2007-02-09,3.635
2007-02-08,3.625
2007-02-07,3.62
2007-02-06,3.615
2007-02-05,3.595
2007-02-02,3.591
2007-02-01,3.583
2007-01-31,3.589
2007-01-30,3.59
2007-01-29,3.577
2007-01-26,3.582
2007-01-25,3.581
2007-01-24,3.573
2007-01-23,3.583
2007-01-22,3.583
2007-01-19,3.58
2007-01-18,3.575
2007-01-17,3.572
2007-01-16,3.523
2007-01-15,3.518
2007-01-12,3.514
2007-01-11,3.515
2007-01-10,3.511
2007-01-09,3.478
2007-01-08,3.475
2007-01-05,3.478
2007-01-04,3.48
2007-01-03,3.477
2007-01-02,3.49
2006-12-29,3.482
2006-12-28,3.486
2006-12-27,3.493
2006-12-22,3.495
2006-12-21,3.496
2006-12-20,3.498
2006-12-19,3.482
2006-12-18,3.471
2006-12-15,3.491
2006-12-14,3.488
2006-12-13,3.49
2006-12-12,3.507
2006-12-11,3.509
2006-12-08,3.455
2006-12-07,3.458
2006-12-06,3.451
2006-12-05,3.443
2006-12-04,3.441
2006-12-01,3.423
2006-11-30,3.432
2006-11-29,3.431
2006-11-28,3.419
2006-11-27,3.408
2006-11-24,3.444
2006-11-23,3.407
2006-11-22,3.397
2006-11-21,3.408
2006-11-20,3.372
2006-11-17,3.384
2006-11-16,3.377
2006-11-15,3.38
2006-11-14,3.386
2006-11-13,3.379
2006-11-10,3.384
2006-11-09,3.376
2006-11-08,3.37
2006-11-07,3.369
2006-11-06,3.363
2006-11-03,3.363
2006-11-02,3.307
2006-11-01,3.288
2006-10-31,3.308
2006-10-30,3.303
2006-10-27,3.304
2006-10-26,3.296
2006-10-25,3.292
2006-10-24,3.292
2006-10-23,3.284
2006-10-20,3.28
2006-10-19,3.261
2006-10-18,3.25
2006-10-17,3.243
2006-10-16,3.243
2006-10-13,3.238
2006-10-12,3.332
2006-10-11,3.332
2006-10-10,3.246
2006-10-09,3.247
2006-10-06,3.259
2006-10-05,3.366
2006-10-04,3.26
2006-10-03,3.244
2006-10-02,3.229
2006-09-29,3.24
2006-09-28,3.24
2006-09-27,3.228
2006-09-26,3.214
2006-09-25,3.211
2006-09-22,3.211
2006-09-21,3.211
2006-09-20,3.202
2006-09-19,3.185
2006-09-18,3.169
2006-09-15,3.166
2006-09-14,3.236
2006-09-13,3.168
2006-09-12,3.157
2006-09-11,3.114
2006-09-08,3.111
2006-09-07,3.197
2006-09-06,3.11
2006-09-05,3.107
2006-09-04,3.094
2006-09-01,3.096
2006-08-31,3.155
2006-08-30,3.072
2006-08-29,3.07
2006-08-28,3.073
2006-08-25,3.071
2006-08-24,3.148
2006-08-23,3.073
2006-08-22,3.057
2006-08-21,3.056
2006-08-18,3.059
2006-08-17,3.138
2006-08-16,3.065
2006-08-15,3.067
2006-08-14,3.062
2006-08-11,3.026
2006-08-10,3.119
2006-08-09,3.019
2006-08-08,3.023
2006-08-07,3.021
2006-08-04,3.014
2006-08-03,3.084
2006-08-02,2.995
2006-08-01,2.989
2006-07-31,2.988
2006-07-28,2.987
2006-07-27,3.028
2006-07-26,2.952
2006-07-25,2.948
2006-07-24,2.952
2006-07-21,2.951
2006-07-20,3.01
2006-07-19,2.946
2006-07-18,2.917
2006-07-17,2.917
2006-07-14,2.897
2006-07-13,2.937
2006-07-12,2.895
2006-07-11,2.899
2006-07-10,2.903
2006-07-07,2.895
2006-07-06,2.945
2006-07-05,2.848
2006-07-04,2.854
2006-07-03,2.865
2006-06-30,2.855
2006-06-29,2.942
2006-06-28,2.868
2006-06-27,2.859
2006-06-26,2.836
2006-06-23,2.823
2006-06-22,2.861
2006-06-21,2.788
2006-06-20,2.767
2006-06-19,2.765
2006-06-16,2.775
2006-06-15,2.832
2006-06-14,2.769
2006-06-13,2.791
2006-06-12,2.693
2006-06-09,2.719
2006-06-08,2.839
2006-06-07,2.746
2006-06-06,2.738
2006-06-05,2.73
2006-06-02,2.748
2006-06-01,2.801
2006-05-31,2.713
2006-05-30,2.701
2006-05-29,2.699
2006-05-26,2.693
2006-05-25,2.751
2006-05-24,2.708
2006-05-23,2.697
2006-05-22,2.704
2006-05-19,2.707
2006-05-18,2.76
2006-05-17,2.687
2006-05-16,2.71
2006-05-15,2.621
2006-05-12,2.613
2006-05-11,2.705
2006-05-10,2.608
2006-05-09,2.619
2006-05-08,2.612
2006-05-05,2.599
2006-05-04,2.682
2006-05-03,2.623
2006-05-02,2.616
2006-04-28,2.615
2006-04-27,2.743
2006-04-26,2.743
2006-04-25,2.596
2006-04-24,2.6
2006-04-21,2.599
2006-04-20,2.658
2006-04-19,2.583
2006-04-18,2.579
2006-04-13,2.587
2006-04-12,2.711
2006-04-11,2.711
2006-04-10,2.608
2006-04-07,2.565
2006-04-06,2.722
2006-04-05,2.634
2006-04-04,2.622
2006-04-03,2.615
2006-03-31,2.62
2006-03-30,2.684
2006-03-29,2.601
2006-03-28,2.577
2006-03-27,2.572
2006-03-24,2.576
2006-03-23,2.631
2006-03-22,2.566
2006-03-21,2.565
2006-03-20,2.557
2006-03-17,2.557
2006-03-16,2.607
2006-03-15,2.54
2006-03-14,2.548
2006-03-13,2.531
2006-03-10,2.531
2006-03-09,2.61
2006-03-08,2.516
2006-03-07,2.522
2006-03-06,2.517
2006-03-03,2.507
2006-03-02,2.573
2006-03-01,2.499
2006-02-28,2.495
2006-02-27,2.491
2006-02-24,2.478
2006-02-23,2.525
2006-02-22,2.459
2006-02-21,2.456
2006-02-20,2.448
2006-02-17,2.475
2006-02-16,2.535
2006-02-15,2.466
2006-02-14,2.483
2006-02-13,2.488
2006-02-10,2.454
2006-02-09,2.524
2006-02-08,2.436
2006-02-07,2.437
2006-02-06,2.427
2006-02-03,2.441
2006-02-02,2.498
2006-02-01,2.42
2006-01-31,2.416
2006-01-30,2.423
2006-01-27,2.41
2006-01-26,2.482
2006-01-25,2.412
2006-01-24,2.414
2006-01-23,2.411
2006-01-20,2.399
2006-01-19,2.465
2006-01-18,2.401
2006-01-17,2.399
2006-01-16,2.349
2006-01-13,2.352
2006-01-12,2.443
2006-01-11,2.358
2006-01-10,2.349
2006-01-09,2.352
2006-01-06,2.355
2006-01-05,2.425
2006-01-04,2.35
2006-01-03,2.358
2006-01-02,2.34
